age,income,purchase_frequency,annual_spending
0.017862729628905245,-0.2297892454585446,1.2139203580181388,0.6592205006199291
0.5261517841099442,0.9975653782605692,0.15955988492768816,0.5583296551535405
0.9618281165222634,-0.10052383664472372,-0.8948005881627622,-0.7769444860205298
-1.2891662676080522,0.05906839852974397,-1.2462540791929122,-1.2781526140629045
1.6153426151407422,0.9724435816724589,1.2139203580181388,1.7095119327961186
-1.2891662676080522,0.09318070108859919,1.5653738490482887,1.5430424026093161
1.179666282728423,0.8063988302510451,1.2139203580181388,2.1703504062569885
-0.5630390469208536,-1.1637264470415278,0.5110133759578382,-0.5263481746950325
1.5427298930720224,0.18867794154340198,-0.543347097132612,-0.06202463650096838
1.6153426151407422,-0.612337425352491,1.5653738490482887,1.2110354898822229
-0.7082644910582934,1.3718973541334043,0.8624668669879887,0.5168773594209479
-1.361778989676772,1.174278289876934,0.8624668669879887,0.3374234320758725
-1.2891662676080522,-0.9858950992756925,1.2139203580181388,0.514935537171021
-0.19997543657725433,0.819346879519917,-1.2462540791929122,-1.0634959757933629
1.0344408385909833,1.556052167821247,-0.543347097132612,-0.01902180163034129
-0.4178136027834139,-0.636770953540927,-1.5977075702230625,-1.4759165844644797
1.1070535606597032,-1.3000896237269894,-1.2462540791929122,-0.8979896040358334
1.3975044489345825,-1.4717695726707363,-1.2462540791929122,-1.1606527581826254
1.4701171710033023,1.2523967532399618,-0.543347097132612,-0.044775344631253954
-0.7808772131270132,0.8507921420300345,0.8624668669879887,1.0122180649486299
1.3248917268658627,0.13899356644191674,1.5653738490482887,1.3703397050876132
-1.2165535455393324,-0.6162089351006587,-0.543347097132612,-0.7140208715535385
-1.6522298779516515,-0.4465937913559347,0.15955988492768816,-0.7198910303137693
-0.9987153793331728,-1.3389767883085848,-1.2462540791929122,-1.04557174335768
-1.0713281014018927,1.545986242476011,1.2139203580181388,0.34138642769632005
1.0344408385909833,-0.9879599044747153,-0.543347097132612,-0.745549716802708
1.0344408385909833,-1.173534271736886,0.15955988492768816,0.6104770226111893
-1.2165535455393324,-0.5924636753118969,-0.8948005881627622,-1.3554852975314688
1.5427298930720224,-0.5023435317295493,-1.5977075702230625,-1.3453748702696358
1.3975044489345825,-1.117354363613475,-0.19189360610246192,0.2224162958804456
-1.4343917117454918,0.007835419528991673,0.15955988492768816,-0.8809792776097454
0.23570089583506482,1.1500168287884165,0.8624668669879887,0.33330811878715866
-1.5796171558829317,-0.565621207724601,-0.19189360610246192,-0.3575491874737937
-0.12736271450853448,-0.542736283435432,-1.5977075702230625,-1.4374394997132225
1.3975044489345825,0.24042712184390996,1.2139203580181388,1.2414743973255382
-0.5630390469208536,-0.7039631560591261,-1.5977075702230625,-1.4226163455536096
0.4535390620412244,0.32409474917931147,0.5110133759578382,0.8436981747722375
1.3248917268658627,1.4711800707864153,-1.5977075702230625,-1.3582552900974758
0.3809263399725045,-1.4319790558145684,1.2139203580181388,0.9223351352804425
-0.4904263248521338,1.0270748858966028,0.15955988492768816,-0.09461514501876865
1.1070535606597032,1.6385153254572185,1.5653738490482887,2.600364161653725
-1.1439408234706125,0.646978662176496,-1.2462540791929122,-0.9613555781980874
-1.7248426000203714,-0.7870715653197923,-0.543347097132612,-0.8744451232656976
-0.7082644910582934,1.51376667801626,0.5110133759578382,1.1479613819106578
-1.5796171558829317,-1.4258706737674596,-0.8948005881627622,-0.8612482110373293
0.3083136179037847,-0.8005358158884199,0.8624668669879887,0.7321140817444839
0.671377228247384,-1.4702209687714691,0.8624668669879887,0.4725866649839061
-0.2725881586459742,-1.4085349134506642,0.5110133759578382,0.9696147219265083
-0.853489935195733,-1.606584145456931,0.5110133759578382,-0.2090029776408278
1.3975044489345825,-1.6705070730766771,-0.543347097132612,-0.2926718936928788
-1.7248426000203714,-0.6157787673508622,-1.2462540791929122,-1.4891864632405203
1.0344408385909833,-0.11101992973975609,-0.8948005881627622,-0.6681623084233898
-1.2891662676080522,-1.2309616663347067,-1.5977075702230625,-1.4520318971658221
-0.4904263248521338,-0.24346857990207038,-0.8948005881627622,-1.0596615837131873
1.2522790047971428,-0.8188609620297469,-0.19189360610246192,-0.2931881320176598
-1.6522298779516515,-0.5296161670666416,-0.19189360610246192,-1.083397601670963
0.8166026723848236,1.5099381850430718,-1.5977075702230625,-1.3209502305182035
1.687955337209462,0.7655328940203863,0.15955988492768816,1.076060145834445
0.7439899503161038,0.4279802607551442,1.5653738490482887,1.6140297326759336
-0.4178136027834139,-0.838132477220626,-0.19189360610246192,-0.38643937994276617
-0.19997543657725433,-1.1612744908676884,0.15955988492768816,0.28368721804266045
1.1070535606597032,-0.16943671016210843,-0.8948005881627622,-0.9455026836344501
-1.0713281014018927,0.5363395169288596,1.2139203580181388,1.2979422964872291
-1.1439408234706125,1.0058245990566603,-0.543347097132612,-0.7223864862441596
-1.5070044338142117,1.2594945211116026,-1.2462540791929122,-1.2272475020793754
-0.34520088071469407,-0.0024886064661221396,0.5110133759578382,0.7952264971535771
-1.2891662676080522,0.9829396747674913,0.15955988492768816,0.11866972215453508
-0.19997543657725433,-1.0355364576021981,0.8624668669879887,1.1300517427845098
0.23570089583506482,0.1996472191632104,-0.8948005881627622,-0.7578509646583997
-0.9987153793331728,-1.3184147698683166,-1.2462540791929122,-1.3365659838019062
-0.853489935195733,0.4800735752554893,-1.5977075702230625,-1.5434443880895883
-1.2891662676080522,0.8393926966604297,0.8624668669879887,0.5724851654019523
0.9618281165222634,-1.2179275835158754,0.15955988492768816,0.6048294118213591
-0.7082644910582934,0.7417446174566449,-0.543347097132612,-0.5258839250354679
-0.12736271450853448,-1.5338857957413377,1.2139203580181388,0.08201497693139163
0.3083136179037847,1.1131084358558847,0.5110133759578382,0.06696380231030291
-0.5630390469208536,-0.47236083956873953,1.5653738490482887,0.1462164180644927
-1.0713281014018927,0.8950133867091054,0.5110133759578382,0.16228547602560897
-0.05474999243981461,1.6721544434912976,0.8624668669879887,0.42187491435170815
-1.0713281014018927,1.2492135118914685,0.8624668669879887,1.5175989674360104
1.3975044489345825,1.1218838579517314,-0.543347097132612,0.16305527310355086
0.7439899503161038,0.22864052549948835,0.15955988492768816,-0.08674023036124351
-0.2725881586459742,-0.24123170760312906,1.5653738490482887,1.1073044215476928
-1.0713281014018927,0.9628078240770194,-1.2462540791929122,-1.057412389881191
-1.361778989676772,-0.42048260894329265,-0.8948005881627622,-1.34454578787171
-1.5796171558829317,0.8396507973103076,0.15955988492768816,-0.5562580746677244
-0.9987153793331728,0.40397690031650463,1.2139203580181388,1.436858746191153
0.017862729628905245,1.2310174160750804,1.5653738490482887,0.8722153257662357
-1.4343917117454918,-0.05643164229059181,1.2139203580181388,0.3639522446458022
1.0344408385909833,0.5012378285454726,1.5653738490482887,2.906477070775636
0.9618281165222634,-1.688273001143269,-0.8948005881627622,-1.0421140410798626
-0.34520088071469407,-1.3196192395677464,0.8624668669879887,0.9359315393573164
-0.5630390469208536,0.4763741326072402,0.5110133759578382,0.9939910213401075
-1.5070044338142117,-0.3423641455802648,-0.19189360610246192,-0.7899215865240353
1.6153426151407422,-1.4870405277885088,0.8624668669879887,0.46973367296992213
0.16308817376634496,1.7044170247260282,-1.2462540791929122,-0.9165139863261201
1.3975044489345825,0.6284814489352504,-1.5977075702230625,-1.3761229734587122
1.1070535606597032,0.8976804267578431,-1.5977075702230625,-1.2792069806767683
-1.2891662676080522,-1.5755690506966098,-1.5977075702230625,-1.5505467694236337
1.0344408385909833,-1.0959750264485935,1.2139203580181388,1.3148030414905891
1.2522790047971428,0.47215848865923543,0.8624668669879887,1.2398591003764445
-1.2165535455393324,0.21534834203077932,-1.2462540791929122,-1.1620756058622337
1.3975044489345825,0.4960327987729361,-0.19189360610246192,0.11983445067175305
1.687955337209462,-1.4743505791695148,0.5110133759578382,0.3213890332249003
0.3083136179037847,0.8784519283419436,0.15955988492768816,0.3242766843490287
1.179666282728423,-1.4641986202743196,0.8624668669879887,0.18174200596240836
-0.5630390469208536,-0.3947585775054674,-1.2462540791929122,-1.2609142671753408
1.179666282728423,-1.0499900939953575,-0.8948005881627622,-0.6184392545121505
0.23570089583506482,-1.0989431839221888,0.5110133759578382,-0.005967174169934173
-1.4343917117454918,-0.8091821876593277,-1.5977075702230625,-1.4795722085028584
0.3083136179037847,-1.5197332767730358,0.8624668669879887,1.3397867874135596
-0.2725881586459742,0.2978975332167102,-1.2462540791929122,-1.1950583095737721
-1.2165535455393324,0.25810701636054234,0.15955988492768816,-0.6302406815162873
-0.926102657264453,0.37287577200622424,-1.2462540791929122,-1.2283620660950685
1.0344408385909833,-1.6714104253512496,-0.543347097132612,-0.5846146992568436
1.3248917268658627,-0.03612772450020131,0.15955988492768816,-0.12042341293043568
1.4701171710033023,-0.8896235568712562,-0.8948005881627622,-0.8271381741642548
0.3809263399725045,0.2524718188382094,-0.19189360610246192,0.1852215982045275
-1.1439408234706125,0.35278693809073197,0.15955988492768816,-0.1803964426259308
0.4535390620412244,1.4294968158311434,0.15955988492768816,0.6132789380418029
-0.926102657264453,1.3168788989344435,1.5653738490482887,0.52558774104932
-0.34520088071469407,-0.8612324853846932,-0.8948005881627622,-0.661157519846856
-0.7082644910582934,-0.3552691780741571,-0.8948005881627622,-0.9025983536031805
-0.4178136027834139,-1.4288388312410547,-0.8948005881627622,-0.587812458208579
1.0344408385909833,-1.2502761983005655,-1.2462540791929122,-0.9688437701529496
-1.1439408234706125,1.4158174813876176,0.5110133759578382,0.7503493340896193
1.687955337209462,-0.009242240137925758,0.15955988492768816,0.758595466058427
-1.361778989676772,0.39236237107200156,1.2139203580181388,0.9421181905180753
-1.5070044338142117,-1.6421160015901142,0.5110133759578382,0.29648919883175273
1.6153426151407422,-0.5394670085369794,0.15955988492768816,0.9100411840795184
-0.4178136027834139,-0.6439547549625271,-1.2462540791929122,-1.2349983736058576
-0.4904263248521338,0.8259714628667817,0.5110133759578382,0.15203823648689038
-0.926102657264453,-0.7043933238089225,-0.543347097132612,-0.2837006566565784
0.3809263399725045,0.3140288238340755,0.8624668669879887,0.9211704067632249
1.179666282728423,-0.5414457801860428,-0.19189360610246192,0.2834710546451815
-1.7248426000203714,-1.6457724274633836,-0.543347097132612,-0.5824402961362113
-0.34520088071469407,1.3844152356524797,1.5653738490482887,1.8168220102939714
-1.0713281014018927,-1.167770023889614,0.8624668669879887,1.107621826030067
-0.7082644910582934,-1.567739997650315,-1.2462540791929122,-1.1647224673790437
-0.4904263248521338,-0.24299539537729434,0.5110133759578382,-0.3896927758871016
0.671377228247384,-1.1143431893649,-0.19189360610246192,0.4051518937070797
-0.12736271450853448,1.6674656150185168,-1.2462540791929122,-1.0275307644457221
-1.5796171558829317,0.033473417416857644,1.2139203580181388,0.38110850416723485
-0.19997543657725433,-0.767455915929076,-1.2462540791929122,-1.2037522737289181
0.16308817376634496,1.241341442070194,-0.8948005881627622,-0.5821402212089093
0.8892153944535436,0.6265887108361462,1.2139203580181388,0.8226400291140327
0.09047545169762511,0.8045491089269206,0.15955988492768816,0.5337745876981441
0.8892153944535436,-0.994455437496641,-1.2462540791929122,-1.1404118378583494
0.017862729628905245,-0.9029157403399652,1.2139203580181388,1.8441680481978304
1.3248917268658627,0.9754117391460542,0.5110133759578382,1.195749910226737
-0.7808772131270132,1.138359282768934,0.15955988492768816,0.6856909399517211
0.5261517841099442,0.0028884904063329712,-0.8948005881627622,-0.6061918194853672
1.687955337209462,-0.4733502253932713,-1.5977075702230625,-1.4542099486138382
-0.12736271450853448,-1.6326092943196135,1.2139203580181388,1.7049232490293815
-1.4343917117454918,-1.6534294134097598,0.15955988492768816,-0.21672283838454937
-1.5796171558829317,-0.1654361500890018,-0.19189360610246192,-1.0447891771338955
1.6153426151407422,1.5402650114037186,-0.19189360610246192,0.048122015537642206
-0.853489935195733,0.9090368553524683,0.15955988492768816,0.43761744701199107
0.017862729628905245,0.6881026990570327,0.5110133759578382,0.642341513979651
-1.0713281014018927,1.2657319534836504,0.15955988492768816,0.1546458784843266
-1.1439408234706125,0.8144859839472176,0.15955988492768816,-0.12166019591347972
0.017862729628905245,0.506700958967887,-0.543347097132612,-0.0350525521539298
-0.853489935195733,1.6173940889422147,-1.5977075702230625,-1.4281216715754792
0.017862729628905245,-1.2122923859935424,-0.8948005881627622,-0.9571125734509475
-0.05474999243981461,-0.3755300790895679,1.5653738490482887,1.0788292263186061
-0.34520088071469407,0.3010807745652036,0.5110133759578382,0.584899511406536
0.3809263399725045,1.585991843207077,0.8624668669879887,1.5747244776085971
0.5261517841099442,-0.4750278796174773,0.15955988492768816,0.6993393326938111
-0.4904263248521338,-1.3933069751078713,-0.8948005881627622,-1.242251248444477
-0.12736271450853448,-1.6494288533366532,-0.8948005881627622,-0.8754684790968005
-1.4343917117454918,1.7420567028332141,0.5110133759578382,0.16031264299292106
0.8166026723848236,-0.602271500007255,0.15955988492768816,0.6831517040927276
1.0344408385909833,0.10913992460604596,0.15955988492768816,-0.10194281056875208
0.7439899503161038,-0.2490607606494237,-1.5977075702230625,-1.3582461692790166
0.671377228247384,0.3892221464984878,-1.2462540791929122,-1.081735788547728
-0.7808772131270132,-0.5528452255556476,-0.19189360610246192,-0.3561947459326281
1.3975044489345825,1.224823000478012,0.5110133759578382,1.23276766402455
-0.5630390469208536,-0.33664291450797257,-1.5977075702230625,-1.433069715589502
-0.34520088071469407,0.9092519392273665,0.8624668669879887,0.2924687420550132
1.6153426151407422,0.6340306129076241,0.8624668669879887,0.8295171262321401
0.3809263399725045,-1.2069152891210873,-1.2462540791929122,-1.2588712038405185
-0.6356517689895734,0.6446987731025751,-0.543347097132612,-0.6800476469573496
0.3083136179037847,1.46223258159065,0.5110133759578382,1.1403126635509169
-1.5796171558829317,1.0732318854497576,-0.543347097132612,-0.862602652578495
-1.1439408234706125,0.11236618272951904,0.5110133759578382,0.5568903900007056
-1.2891662676080522,-0.0170712931842204,0.8624668669879887,0.13534257829763893
0.5987645061786641,-0.15291826856992632,-0.543347097132612,-0.30989564727090807
-1.6522298779516515,-0.7166100879031405,0.5110133759578382,-0.8430612990300267
-0.6356517689895734,-1.6533003630848209,1.2139203580181388,0.551751720880889
0.5987645061786641,-1.0029297421676302,0.5110133759578382,0.008283192590451955
1.2522790047971428,1.4941510286255437,0.15955988492768816,0.29315462760313216
-0.7082644910582934,-0.33565352868344084,-1.2462540791929122,-1.1854413185905726
0.671377228247384,-0.37251890484099304,0.15955988492768816,0.6029304574181894
1.179666282728423,1.592186258804145,-0.8948005881627622,-0.4503735810950177
-1.1439408234706125,0.3795433721280686,1.5653738490482887,1.2389269527299316
1.179666282728423,0.5407702447517626,-0.8948005881627622,-0.7361525375443712
-0.926102657264453,-0.5253144895686775,0.8624668669879887,0.19506569756735687
0.8892153944535436,-0.9446420120702169,-0.543347097132612,-0.5229762081107298
0.017862729628905245,1.12085145535222,-1.2462540791929122,-1.0507104124774969
1.1070535606597032,1.068629090526936,0.8624668669879887,1.3410345153787546
-0.34520088071469407,1.4425739154249542,-0.8948005881627622,-0.7882397076001906
1.3248917268658627,1.389061047350281,0.15955988492768816,1.155383903972615
1.5427298930720224,-0.9146593199094072,1.5653738490482887,1.6941834852938755
0.09047545169762511,-0.044774096271109134,0.5110133759578382,0.5335675451191241
-1.5070044338142117,0.08733041969136804,-0.543347097132612,-1.1651183109001655
-0.19997543657725433,-0.22307862856172062,0.15955988492768816,0.1841426053808246
1.3248917268658627,-1.5938941968379368,0.15955988492768816,0.22865037529719137
0.8892153944535436,0.30305954621426706,-1.5977075702230625,-1.419506146459081
0.5261517841099442,-0.3281686098369833,-1.5977075702230625,-1.5240982200561435
-1.7248426000203714,-1.3144142097952098,-1.5977075702230625,-1.5450095205371577
-0.12736271450853448,-0.46879044724542934,0.8624668669879887,0.7883858833093057
0.23570089583506482,0.06926337419991886,-0.8948005881627622,-0.7661445248831943
1.2522790047971428,0.46798586148621024,-1.5977075702230625,-1.2883177662354919
0.16308817376634496,-1.4531433091045518,1.5653738490482887,2.127258187365462
-1.2165535455393324,-0.7237078557747813,-1.5977075702230625,-1.4412766280389357
0.5987645061786641,-1.2405544071551666,0.15955988492768816,-0.16419786904269648
-0.6356517689895734,-1.565718209226272,-0.8948005881627622,-1.0890433882971016
1.687955337209462,0.7189027099424555,1.5653738490482887,1.1284647203726388
-1.2891662676080522,1.7044600415010078,-1.5977075702230625,-1.4810005286735421
-0.5630390469208536,-1.5359075841653809,-1.5977075702230625,-1.403772734617257
0.5261517841099442,-0.039095881973796535,-0.8948005881627622,-0.773037127392682
0.3809263399725045,-0.774639717350676,0.5110133759578382,0.42524049636308975
-0.19997543657725433,0.5239076689597434,-1.5977075702230625,-1.3236153336719316
-0.34520088071469407,-1.4926757253108418,1.2139203580181388,1.7316262692318787
0.8892153944535436,0.8809899180657425,0.5110133759578382,0.5432784805324518
1.6153426151407422,0.2645595326074885,0.8624668669879887,1.6424447305031908
-1.5070044338142117,-1.4963751679590909,-0.19189360610246192,-0.7298473157436447
1.3975044489345825,1.29455319272001,1.2139203580181388,1.7709789525552033
-0.19997543657725433,-0.5113770544752738,-1.2462540791929122,-1.0469599319271445
0.8892153944535436,1.6152432501932328,1.2139203580181388,1.832175084006054
1.3975044489345825,-0.8266469983010619,0.15955988492768816,0.32625772611832976
1.687955337209462,1.4952694647750142,-0.8948005881627622,-0.839612717570668
-0.12736271450853448,-0.03522437222562885,0.15955988492768816,0.4269406169238526
0.5261517841099442,-0.7309346739713609,-1.5977075702230625,-1.3502216731987633
-1.0713281014018927,-0.9800448178784613,0.15955988492768816,0.1972930014350518
-1.7248426000203714,-0.6315659237683905,-1.2462540791929122,-1.2344730144626175
0.8166026723848236,-0.7095123200314998,1.2139203580181388,1.7168997957479315
-0.9987153793331728,1.5788080417854768,-1.2462540791929122,-1.177223461158988
0.5987645061786641,-0.1912031983018067,-0.19189360610246192,0.32060190659188637
-0.4178136027834139,-0.10843892324097765,-0.19189360610246192,0.14695976476890332
0.7439899503161038,-0.6184027906246203,0.5110133759578382,0.9591950989189141
-1.0713281014018927,1.486321975579249,0.5110133759578382,0.2500478154020719
-0.05474999243981461,1.4768152683087483,0.5110133759578382,0.3763282832128581
1.179666282728423,0.3527009045407727,1.2139203580181388,0.7703750030982622
-0.9987153793331728,1.1125492177811493,-1.5977075702230625,-1.4388258641189948
1.6153426151407422,-0.14207804127505683,-0.8948005881627622,-0.7795876992099562
0.16308817376634496,-0.35483901032436066,0.8624668669879887,1.245514007821042
0.5987645061786641,-0.7622078693815598,0.8624668669879887,0.4467492104531705
-1.4343917117454918,-0.15683279509307366,-0.19189360610246192,-0.13179524938515233
0.23570089583506482,-1.1786532679594632,-0.19189360610246192,-0.05770684104246432
-1.6522298779516515,-0.2768926140612514,-0.543347097132612,-1.0500756035127485
0.09047545169762511,0.50515235506862,-1.5977075702230625,-1.3240130013567455
0.9618281165222634,1.5173800871145497,-0.8948005881627622,-0.45513191208509285
0.8892153944535436,-1.5525980928574816,0.5110133759578382,0.8205413287866103
0.4535390620412244,-1.2301873643850731,1.5653738490482887,0.35036769763292547
-0.12736271450853448,-1.2984980030527429,-0.543347097132612,-0.7718869921849985
1.5427298930720224,-1.446518725757687,0.15955988492768816,0.5757485942465929
-1.6522298779516515,-0.9833140927769141,-0.19189360610246192,-0.2194143919118085
0.16308817376634496,0.5893792004787568,-0.19189360610246192,-0.23510219966133736
0.5987645061786641,-0.9826688411522194,-0.8948005881627622,-0.9425064947706592
0.4535390620412244,1.4393046405265015,0.5110133759578382,0.11537801877267172
-0.926102657264453,-1.2344460251080576,1.2139203580181388,0.13915599249535884
-0.926102657264453,-0.2182177329890212,0.15955988492768816,-0.034138646144335115
1.4701171710033023,1.2278341747265868,0.8624668669879887,1.659905625361155
-1.0713281014018927,-1.4719846565456345,1.5653738490482887,0.8463486846164313
-0.926102657264453,-1.2856790041088098,-0.543347097132612,-0.697833242952455
1.2522790047971428,0.8964759570584131,1.2139203580181388,1.6950153039373392
-0.9987153793331728,0.9969201266358746,1.2139203580181388,1.057483774878942
-1.5070044338142117,-1.6757551196241933,-1.2462540791929122,-1.3517193115897361
-1.2891662676080522,1.5257253414606,0.8624668669879887,0.688903292212991
-0.19997543657725433,-1.0195342173097717,-0.8948005881627622,-0.7259518141797938
-0.2725881586459742,-0.9842604618264661,-1.5977075702230625,-1.483284381615683
-0.19997543657725433,0.6437093872780433,-1.5977075702230625,-1.5034915549116605
1.4701171710033023,-1.3951136796570163,1.5653738490482887,2.5043949098278278
1.5427298930720224,-1.2531153054492217,0.5110133759578382,0.609607808612044
-1.5070044338142117,1.7167198223702056,1.5653738490482887,1.3400312253482616
-0.5630390469208536,0.6346328477573391,-0.8948005881627622,-0.5660073175185798
-1.6522298779516515,-0.615563683475964,0.5110133759578382,0.06577627174693738
-1.4343917117454918,-0.9940682865218242,-1.5977075702230625,-1.59294215778489
-0.12736271450853448,0.5869272443049173,1.5653738490482887,1.2828984185209074
1.4701171710033023,0.8841301426392562,1.2139203580181388,1.6926593965293721
1.687955337209462,-1.2360376457823041,-1.5977075702230625,-1.3244480643972412
0.7439899503161038,-1.532896409916806,1.2139203580181388,1.5597763682360957
-1.2891662676080522,0.3319668190005858,-1.2462540791929122,-1.2665801196020894
0.4535390620412244,1.2231023294788264,-0.19189360610246192,-0.16791825089213425
-1.5796171558829317,0.21435895620624756,-0.8948005881627622,-0.8663649901928442
0.8166026723848236,-0.7050815922085968,-0.8948005881627622,-0.8153996808074853
1.179666282728423,-1.55517909935626,0.8624668669879887,0.8959750578520047
1.179666282728423,-0.4129546733218555,-0.543347097132612,-0.5508494293215204
1.179666282728423,-0.7310207075213202,-0.543347097132612,-0.2129924236348066
-0.12736271450853448,0.6826825854095979,0.8624668669879887,0.6918365474294146
-0.05474999243981461,1.495527565424892,-1.5977075702230625,-1.339497414854638
-0.9987153793331728,-0.7200514299015118,-0.8948005881627622,-0.7616269835004374
-1.6522298779516515,1.1864090204211928,-1.5977075702230625,-1.4919847303437501
-1.5796171558829317,1.5411253469033115,1.5653738490482887,0.02588546013453102
-1.0713281014018927,-1.540553395863182,0.5110133759578382,0.4392546339253867
0.23570089583506482,-0.9125084811604252,0.15955988492768816,0.09643499091511575
0.5987645061786641,-1.277763917512556,-0.8948005881627622,-0.6876525853884876
0.16308817376634496,0.7435083052308101,0.5110133759578382,0.2674904686231179
-0.6356517689895734,-0.4208267431431298,0.5110133759578382,0.8608279839201388
-0.6356517689895734,1.5883577658309571,-1.2462540791929122,-0.9214355799666117
-0.5630390469208536,1.3682409282601347,-1.5977075702230625,-1.3969211757908349
1.0344408385909833,-0.13188306560488194,-1.5977075702230625,-1.392244932166891
1.1070535606597032,-1.0882320069522582,1.2139203580181388,2.1371542753935078
-1.5070044338142117,-1.5385316074391389,0.5110133759578382,0.056480333573495786
1.6153426151407422,-1.0986420664973313,0.8624668669879887,1.703079931618812
1.0344408385909833,-0.7333436133702208,0.15955988492768816,0.33812755926090926
0.4535390620412244,1.6381281744824017,-0.19189360610246192,0.05849694653478702
0.5987645061786641,0.25793494926062377,-0.8948005881627622,-0.7541433519548046
1.179666282728423,1.2350609929231666,-1.5977075702230625,-1.2720535227593524
-0.853489935195733,1.6013488318748088,0.15955988492768816,0.19734225385473061
-0.4178136027834139,-0.048258455044460045,1.2139203580181388,0.6938613691273189
0.23570089583506482,-0.17253391796064257,0.5110133759578382,0.897679738821997
1.6153426151407422,-0.9331995499256324,-0.8948005881627622,-0.7204601693856126
-1.2165535455393324,-1.5135818779509473,0.5110133759578382,-0.3228909894113317
0.8892153944535436,-1.2601700565458829,-1.2462540791929122,-0.8962967801298377
0.23570089583506482,-0.8271631996008176,-0.543347097132612,-0.6589457213705416
-0.9987153793331728,1.2721844697305966,-0.8948005881627622,-1.072702529945906
0.5261517841099442,0.2001634204629661,-1.2462540791929122,-1.0167864403009867
0.16308817376634496,0.2413304741184824,1.2139203580181388,1.2416467807944138
-0.19997543657725433,1.4423158147750763,-0.19189360610246192,0.31136251749289034
-0.6356517689895734,0.510787552590953,0.8624668669879887,0.9545453056685015
0.5987645061786641,0.601208813598158,-1.2462540791929122,-0.8903299406939413
1.3975044489345825,-1.661903718080749,1.5653738490482887,1.170913009480957
1.0344408385909833,1.6695734369925193,1.5653738490482887,1.8772839158588708
0.5987645061786641,-0.7388067437926352,0.5110133759578382,0.430558845606549
-1.361778989676772,-1.0389777996005694,0.15955988492768816,-1.0141523479300192
1.6153426151407422,-1.079886752606208,0.8624668669879887,1.2684619870639573
-0.05474999243981461,-0.40004964082796324,-0.8948005881627622,-0.522372409928742
0.8166026723848236,-1.5442528385114311,-0.8948005881627622,-0.8687783587571031
0.671377228247384,0.7809759162380774,0.5110133759578382,0.911508723769576
-0.5630390469208536,0.4992590568964092,-0.8948005881627622,-0.9576926575049415
0.3083136179037847,-1.200247688999243,1.5653738490482887,1.816046740724954
0.09047545169762511,1.167825773629988,0.8624668669879887,1.0659944105830617
-1.5796171558829317,-0.1746847567096246,1.2139203580181388,-0.15113776909121385
0.5261517841099442,-0.19374118802560553,-0.8948005881627622,-0.509249376329892
-0.7082644910582934,0.015707489350265957,1.5653738490482887,1.1617830702034695
-1.0713281014018927,-1.3034449321754016,0.8624668669879887,-0.08285658586138939
0.09047545169762511,-0.19249370155119594,0.8624668669879887,0.39745301084581386
-0.7082644910582934,-0.8942263517940777,0.15955988492768816,-0.12013884339451375
-1.2891662676080522,-0.918272729007697,1.5653738490482887,-0.4955790936235001
0.8166026723848236,-1.5032148351808539,0.5110133759578382,-0.06596939048449817
0.8166026723848236,0.9770893933702601,1.2139203580181388,1.2178742795628024
-0.12736271450853448,-1.6606132148313597,-0.543347097132612,-0.802598612100239
-0.7082644910582934,-0.1421640748250161,-0.543347097132612,-0.4549166607694597
-1.7248426000203714,1.1801285712741652,0.15955988492768816,0.03430579973590602
-1.361778989676772,1.5448678063265402,0.5110133759578382,0.1310457607215906
-0.7082644910582934,-0.8694056726308249,-0.543347097132612,-0.29769564050011166
-0.4178136027834139,0.3354511777739367,-0.19189360610246192,0.19401862760826044
0.017862729628905245,0.5724305911367783,0.15955988492768816,-0.26190372470319234
0.5987645061786641,0.41873165413452146,0.15955988492768816,0.26579217222604695
0.23570089583506482,0.5706238865876334,-0.19189360610246192,0.12774220027573074
-1.2891662676080522,-1.0095113087395153,0.8624668669879887,0.2588676468519524
-1.0713281014018927,-0.6356095006164767,0.15955988492768816,-0.08723822704910672
0.5261517841099442,0.47495457903291205,0.5110133759578382,-0.0277513369774773
0.3809263399725045,0.5616763973918681,1.2139203580181388,1.3027772423523603
-0.34520088071469407,0.08376002736805783,1.2139203580181388,1.211578178580535
1.3975044489345825,0.9703357596984565,0.15955988492768816,0.0076164607610968585
0.09047545169762511,-1.4154606142223864,1.5653738490482887,1.7704152859744353
-1.5796171558829317,-0.20415124757067862,-0.543347097132612,-1.0439062819070617
1.6153426151407422,-1.0518828320944615,-0.8948005881627622,-0.7280094708241506
1.4701171710033023,-0.37178761966633916,-1.5977075702230625,-1.4520565233756615
-1.7248426000203714,-0.9585794471636205,-1.2462540791929122,-1.4307566760282924
1.0344408385909833,0.9383312791136037,-0.543347097132612,-0.5821776165645913
-1.7248426000203714,1.3377420347995694,-0.8948005881627622,-1.1232574025006088
-0.7082644910582934,0.4638132343131851,0.8624668669879887,1.0925104540071486
-1.7248426000203714,0.4599417245650174,-1.5977075702230625,-1.5073879685573572
1.1070535606597032,1.5964449195271297,0.15955988492768816,0.30616821138047395
1.5427298930720224,0.8696765062460968,-0.8948005881627622,-0.49633156114636995
1.0344408385909833,-1.107417488593178,-1.2462540791929122,-1.0722355440408038
-0.4904263248521338,-0.9233487084552946,0.5110133759578382,-0.10759680593150395
-0.7808772131270132,0.6850485080334782,1.2139203580181388,0.9979704344337816
0.5987645061786641,0.9863810167658625,-1.2462540791929122,-1.2388291173586496
0.5987645061786641,-0.6821966679194278,0.8624668669879887,1.4818526557313858
0.8166026723848236,0.6571306210716913,-0.19189360610246192,0.13691318323628374
0.017862729628905245,-0.37273398871589125,0.8624668669879887,0.804679313404514
-0.6356517689895734,0.6236635701375306,-1.5977075702230625,-1.3579834897073966
0.3083136179037847,0.8254982783420056,-0.543347097132612,-0.15394789325844027
0.23570089583506482,1.0011357705838795,0.8624668669879887,1.0377198733600734
-1.0713281014018927,-0.09106014614920273,0.15955988492768816,0.31038750199962034
1.2522790047971428,1.255709044913394,-1.2462540791929122,-0.9720251116314589
-0.853489935195733,-1.3570008170250545,-0.8948005881627622,-1.1304920357023103
-0.19997543657725433,-0.7854799446455456,0.8624668669879887,0.7346679109130118
0.017862729628905245,1.1075162551085314,-0.543347097132612,-0.13002945893148438
-0.9987153793331728,0.22154275762784761,1.2139203580181388,0.4169971006398198
-0.853489935195733,1.2378140665218635,1.2139203580181388,1.1034526999124452
1.5427298930720224,1.0925464174156163,1.5653738490482887,2.1197699954106
-0.7808772131270132,-0.31969430516599406,0.8624668669879887,0.08401061201022714
1.0344408385909833,-1.6867243972440018,-1.5977075702230625,-1.425212130487049
-1.5070044338142117,0.8093669877246403,1.5653738490482887,0.41798032486970293
-0.7082644910582934,-0.07484282198187811,0.15955988492768816,0.31245063113505245
0.5261517841099442,0.4114188023879825,1.2139203580181388,0.9457546608376898
-0.12736271450853448,0.7850194930861636,0.15955988492768816,0.8596395412749273
0.3809263399725045,-0.4504653011041023,-1.2462540791929122,-1.1903100114840022
-1.0713281014018927,1.358390086789797,-0.543347097132612,-0.10875241363026268
-0.05474999243981461,0.6003054613235856,-0.543347097132612,-0.7567792684894639
-1.361778989676772,1.359809640364125,-0.543347097132612,-0.3275316618432854
1.179666282728423,1.303414648365816,0.8624668669879887,1.0889934664093475
-0.34520088071469407,-1.2482544098765223,1.5653738490482887,0.7113696922412698
1.6153426151407422,-0.5396820924118776,0.5110133759578382,0.3324215752329413
1.1070535606597032,-1.2176264660910179,-1.5977075702230625,-1.3787826041213649
-0.6356517689895734,-0.824840293751917,0.8624668669879887,0.43612528111209425
-0.5630390469208536,-0.11962328473568427,-0.543347097132612,-0.38003838954822017
0.017862729628905245,-0.40237254667686384,1.5653738490482887,1.802803312322445
-0.5630390469208536,-0.8168821903806834,0.15955988492768816,-0.6575484119826184
1.179666282728423,1.283540898325222,0.8624668669879887,0.9396893165624359
0.23570089583506482,-1.552684126407441,-1.2462540791929122,-0.9816676409063436
0.23570089583506482,-1.5141410960256825,-1.2462540791929122,-1.235416107091281
1.5427298930720224,-1.5103986366024538,-0.19189360610246192,-0.09287671702047805
-0.5630390469208536,0.24894444328987886,-0.19189360610246192,-0.544817832074565
-0.05474999243981461,0.22033828792841767,1.2139203580181388,0.41676725601465225
0.8166026723848236,1.1039028460102416,-1.5977075702230625,-1.4025259187339079
1.179666282728423,-0.9134118334349975,0.15955988492768816,0.5341193546358953
-1.2891662676080522,-0.2714725004138166,1.5653738490482887,0.006394271087587251
-1.2891662676080522,1.0464754514124208,-1.5977075702230625,-1.5314350064245859
0.671377228247384,-1.1437666634509744,1.2139203580181388,1.3056831351134068
1.5427298930720224,-0.3919624871317907,0.5110133759578382,0.4820376570711512
-0.853489935195733,-0.7989872119891528,-0.19189360610246192,-0.19987303836334014
1.6153426151407422,-0.4713714537442078,0.8624668669879887,1.079814274712181
-0.2725881586459742,1.4740191779350718,-1.5977075702230625,-1.3946783665317597
-1.361778989676772,0.1330572514947263,-1.5977075702230625,-1.4778356046682595
-1.361778989676772,-1.0431504267735945,-0.8948005881627622,-1.1105283882591888
1.5427298930720224,1.2011637742392096,1.2139203580181388,1.753157785368107
-0.12736271450853448,0.6480970983259666,1.2139203580181388,0.8267443974205954
0.7439899503161038,-1.2364678135321006,1.5653738490482887,1.0787015348601798
0.3809263399725045,-0.01750146093401681,-0.543347097132612,-0.444343808011754
1.179666282728423,-1.512893609551273,-1.5977075702230625,-1.385043133911642
-1.7248426000203714,0.07580192399682428,0.15955988492768816,-0.6534330986939048
0.8166026723848236,-0.28674345553158914,1.2139203580181388,0.9767015978691734
-1.1439408234706125,0.5014959291953505,0.5110133759578382,-0.023812055485023048
-0.4904263248521338,0.07373711879780151,1.2139203580181388,0.8813160784246541
0.5261517841099442,0.6990719766768411,0.15955988492768816,-0.026893067960482738
-0.9987153793331728,1.0016519718836352,0.5110133759578382,0.17811283229756086
-1.6522298779516515,0.048658338984670875,-1.2462540791929122,-1.4610104308568896
-0.926102657264453,-1.6039601221831727,0.15955988492768816,0.11791999087720284
0.671377228247384,1.2836269318751812,-0.543347097132612,-0.4069593973118884
0.5261517841099442,0.5894652340287161,0.5110133759578382,0.8830846051238597
0.4535390620412244,1.2661621212334468,0.15955988492768816,0.154700603395081
-0.853489935195733,-0.44181892933319455,-0.19189360610246192,-0.52684069889182
-1.0713281014018927,1.3785649542552485,-1.5977075702230625,-1.4331855499839317
-0.926102657264453,-0.8053106779111601,-0.543347097132612,-0.43819272804298515
0.8166026723848236,-0.29160435110428856,1.2139203580181388,1.1399487428944015
-0.34520088071469407,-0.5631692515507615,-1.5977075702230625,-1.383147827835856
0.16308817376634496,1.1606849889833675,0.5110133759578382,1.0955568073724644
-0.7808772131270132,-1.1086649750675877,-0.8948005881627622,-0.6768964041797554
-1.361778989676772,-1.6301573381457741,-0.543347097132612,-1.310781430018233
1.687955337209462,-0.13463613920357895,0.5110133759578382,1.4140703812712707
-0.12736271450853448,-1.2575460332721247,-0.8948005881627622,-0.741091460739935
0.9618281165222634,-1.433957827463632,-1.5977075702230625,-1.4563360113966377
0.5987645061786641,-0.2857540697070574,0.8624668669879887,1.257232435377202
1.5427298930720224,-1.6135528630036327,1.5653738490482887,1.5459975477900414
-1.0713281014018927,0.3797584560029668,-0.19189360610246192,-0.0749087046561921
0.5987645061786641,-1.5627500517526767,0.8624668669879887,0.6028246559240643
1.6153426151407422,0.22386566347674822,0.8624668669879887,1.635542095093398
-0.34520088071469407,0.9910698452386435,-0.19189360610246192,-0.01010072909556582
1.4701171710033023,1.710783507423015,0.5110133759578382,1.3048941843167006
0.09047545169762511,1.494366112500442,-0.543347097132612,-0.17018659844289452
-0.853489935195733,-0.19460152352519836,1.2139203580181388,0.8301099794319771
-0.9987153793331728,0.23707181339549796,-0.19189360610246192,0.0011726025197934887
0.23570089583506482,1.2801855898768097,-1.5977075702230625,-1.3075800227391137
1.6153426151407422,0.897336292558006,-1.2462540791929122,-0.9872222193478919
-1.6522298779516515,-0.24424288185170392,-1.5977075702230625,-1.613526932965071
-0.7808772131270132,0.34229084499569956,1.5653738490482887,0.8661955855832769
-0.4904263248521338,-1.5732031280727294,1.5653738490482887,-0.08719444712050342
-0.9987153793331728,0.5264886754585218,0.8624668669879887,0.6653423939696289
1.687955337209462,-1.1945264579269508,1.5653738490482887,1.9996761787605732
0.23570089583506482,-0.7187609266521225,-1.5977075702230625,-1.5323799232169413
1.0344408385909833,-0.5133988428993169,0.5110133759578382,0.9747798414198559
-0.853489935195733,-0.6814223659697942,0.8624668669879887,0.4604523281060146
1.3248917268658627,1.6189426928414818,-0.543347097132612,0.059278600676725725
-1.7248426000203714,1.7186125604693099,-1.5977075702230625,-1.4259755429920697
1.2522790047971428,0.674638448488405,-0.19189360610246192,-0.3172716531587244
-0.19997543657725433,0.2224891266773997,-0.8948005881627622,-1.0300225720487286
-0.2725881586459742,1.0238056109981502,1.5653738490482887,2.6524440350547773
-0.19997543657725433,0.8964329402834335,-0.8948005881627622,-0.8777039917011084
-1.2891662676080522,1.7384863105099038,0.8624668669879887,1.1627918327250382
0.16308817376634496,-0.9769476100799271,-1.2462540791929122,-1.0302195817274435
0.9618281165222634,1.0296128756204017,-0.19189360610246192,-0.006014602425920829
1.3975044489345825,-0.21111996511738046,-0.19189360610246192,0.3184904371186212
-1.2165535455393324,-1.6440947732391777,-1.5977075702230625,-1.6067246265583273
1.0344408385909833,-0.9968643768955009,0.5110133759578382,0.39225779265155103
0.017862729628905245,0.07679130982135601,-0.8948005881627622,-0.9298404141766066
-1.361778989676772,-1.4149874296976104,-0.543347097132612,-0.9276997580842725
0.16308817376634496,1.688156683783724,0.5110133759578382,0.15231277312250732
-1.1439408234706125,0.5923043411773724,1.2139203580181388,1.8011460596084397
-1.5070044338142117,1.4710080036864968,-0.8948005881627622,-0.9506057815622766
1.2522790047971428,-1.1862242203558802,1.5653738490482887,1.2717710200008927
0.4535390620412244,-0.26476188351699265,-0.543347097132612,-0.3193812984682976
0.09047545169762511,1.2618604437354828,-1.2462540791929122,-1.227147173076326
-1.7248426000203714,-0.8954738382684874,1.2139203580181388,0.20384083700678834
-1.1439408234706125,-1.6533863966347802,0.15955988492768816,-0.21671736589347385
-1.0713281014018927,-1.2039471316474921,0.15955988492768816,-0.48789024366253925
-0.7808772131270132,0.1812360394719241,0.8624668669879887,1.3364449195301715
0.4535390620412244,0.0893952248903908,0.8624668669879887,0.1534017988465152
0.017862729628905245,1.4186565885362739,0.5110133759578382,1.3892280080344148
0.671377228247384,-0.8792565141011627,0.5110133759578382,0.40971321501843966
0.5987645061786641,-1.2923035874556745,-0.8948005881627622,-0.8527521686427444
-1.0713281014018927,1.4971622028741185,-1.2462540791929122,-0.9982693546654672
1.3248917268658627,1.4976353873988946,-0.19189360610246192,0.22601901917176181
-0.12736271450853448,1.6452689591290222,0.15955988492768816,0.9690784178011174
1.687955337209462,-0.37987477336251163,1.2139203580181388,1.7798033444143133
-1.5796171558829317,0.2401690211940321,1.2139203580181388,0.7489009481183259
-1.7248426000203714,0.9902095097390506,-1.2462540791929122,-1.4210831359706468
-0.05474999243981461,1.3874694266760341,-1.5977075702230625,-1.3965134752057162
0.671377228247384,1.5236605362615774,0.15955988492768816,0.07800911346418651
-1.5796171558829317,0.23251203524765604,-0.19189360610246192,-0.5465599084002395
0.5261517841099442,-1.6822936694210988,-0.543347097132612,-0.22070498772376115
1.2522790047971428,-0.7834581562215025,-1.5977075702230625,-1.3695769620506677
1.687955337209462,0.4826545817542678,-0.19189360610246192,0.1184161634013742
1.3975044489345825,-1.5357355170654623,0.8624668669879887,0.8992731458067893
1.1070535606597032,0.08784662099112373,1.5653738490482887,2.453993267023237
-0.2725881586459742,1.199443103240024,0.5110133759578382,0.7182349322953805
0.09047545169762511,0.4584791542157096,-0.19189360610246192,-0.0665631557661811
-0.6356517689895734,-0.32631888851285873,1.2139203580181388,0.8049748279225863
0.9618281165222634,-0.3467948734031678,1.5653738490482887,2.72666925567435
-0.19997543657725433,-0.3162959799426024,-0.8948005881627622,-0.7906694936376757
-0.5630390469208536,0.8301010732648273,0.8624668669879887,-0.012823293405585667
-0.7808772131270132,1.7228712211922943,-0.543347097132612,-0.44267287407006
1.5427298930720224,-0.5039351524037959,-0.19189360610246192,0.28744773149331815
0.017862729628905245,0.3060277036878623,0.5110133759578382,0.5856337372924877
-0.2725881586459742,-0.6065731775052191,-0.543347097132612,-0.8591367415640643
1.0344408385909833,-1.2332845721836072,-0.19189360610246192,0.21012599300690482
0.5987645061786641,0.6772194549871835,0.15955988492768816,0.8459254786399321
1.3975044489345825,-1.041042604799592,-1.5977075702230625,-1.466246692734218
-0.19997543657725433,1.4609420783412608,0.8624668669879887,1.1157138161669171
-0.34520088071469407,0.4245819355317526,-0.543347097132612,-0.04201720912924395
1.3975044489345825,-1.1751689091861124,1.2139203580181388,0.4788170960732685
-1.6522298779516515,1.4876124788286382,-0.543347097132612,-0.900424862564394
-1.6522298779516515,0.07003767614955239,-1.2462540791929122,-1.4601038215020623
0.9618281165222634,1.5567404362209212,1.5653738490482887,2.218192747401975
0.671377228247384,-0.023609842981125815,-0.8948005881627622,-0.662602257490766
-0.926102657264453,-0.9560844742148014,-0.543347097132612,-0.8158128538836793
-0.5630390469208536,-0.8705671255552753,1.5653738490482887,1.3386995858532436
-0.4904263248521338,-0.9208537355064754,0.5110133759578382,-0.4903008759812605
-0.926102657264453,0.29196121826951976,1.2139203580181388,0.10208533795048357
1.3248917268658627,-0.1624679926154066,-1.2462540791929122,-1.0321641402229085
1.6153426151407422,-1.6666785801034891,-0.8948005881627622,-0.7671158920490807
-0.7808772131270132,-0.9726889493569427,-0.8948005881627622,-0.7776969535433996
0.5261517841099442,-0.4492608314046724,-0.8948005881627622,-0.7991272285947327
0.3809263399725045,-0.3846926521602314,-0.19189360610246192,0.30008918587753136
1.3975044489345825,0.2826695948739173,0.8624668669879887,0.47805185940455575
-0.4904263248521338,-0.4612194948490126,-0.19189360610246192,-0.16406470509319476
0.8166026723848236,-0.701812317310144,0.5110133759578382,0.3083581198924865
-1.2165535455393324,0.9086066876026718,-0.8948005881627622,-1.0958292772306186
0.23570089583506482,-0.688046949316659,-1.2462540791929122,-1.1274183198816177
-0.5630390469208536,0.4313355692035562,1.2139203580181388,1.2779047704145894
-1.5070044338142117,0.4752126796827899,1.2139203580181388,1.2862776817599777
-1.1439408234706125,0.0322689477174277,1.5653738490482887,0.2532127394073548
0.3083136179037847,0.9530860329316205,-0.543347097132612,-0.36202659725533076
0.09047545169762511,1.328579461728906,0.5110133759578382,0.0989441280731943
-1.2165535455393324,-1.5076025462287772,-0.543347097132612,-0.9355546069411879
-0.7082644910582934,1.6849304256602509,0.5110133759578382,-0.10354898669938704
0.16308817376634496,1.274077207829701,-0.543347097132612,-0.4807358736632773
-0.7808772131270132,-0.6101005530535497,-1.2462540791929122,-1.3065293044526338
0.5987645061786641,1.412763290364063,1.5653738490482887,1.457999891297335
0.671377228247384,-0.21185125029203433,0.8624668669879887,1.8535004696451083
1.179666282728423,0.25767684861074597,-0.543347097132612,-0.2750723623943377
1.4701171710033023,0.7942680997067864,-0.543347097132612,-0.37549622195562393
0.671377228247384,-0.8814073528501447,-0.543347097132612,-0.7365128098735026
0.3809263399725045,1.7174511075448595,-0.19189360610246192,-0.2067182126168409
1.2522790047971428,0.16562095015431444,-0.19189360610246192,0.5408468703312748
1.3248917268658627,1.10889279190788,0.15955988492768816,0.025243354515015342
1.1070535606597032,-0.9222732890808036,0.5110133759578382,0.40332864209711977
-0.6356517689895734,-0.094501488147574,-0.8948005881627622,-0.7218365008910801
0.671377228247384,-1.0369560111765261,1.2139203580181388,1.3260654281237976
-0.2725881586459742,0.3373008990980612,-0.543347097132612,-0.6331520467684092
-0.853489935195733,0.4464344572214102,0.5110133759578382,0.9895473585868687
-1.5796171558829317,-1.254878993223387,-0.19189360610246192,-0.4306206245582999
1.179666282728423,1.7066538970249696,0.8624668669879887,1.1573923081972932
-0.12736271450853448,1.5389745081543293,0.5110133759578382,0.5132454495105628
-0.5630390469208536,-0.8000196145886642,-0.8948005881627622,-1.204512949988401
0.3083136179037847,-1.473619293994861,-0.19189360610246192,-0.2713939363098115
0.4535390620412244,-1.1341309058555349,-1.2462540791929122,-1.1463348973656424
0.5261517841099442,-1.5198623270979748,1.5653738490482887,0.288948106129828
-1.361778989676772,1.613522579194047,-0.19189360610246192,-0.21773616131534748
1.4701171710033023,-0.3500211315266409,-1.2462540791929122,-1.0401174939191813
1.3975044489345825,-0.3184468186915845,-1.5977075702230625,-1.3414757203784011
-0.7082644910582934,-0.8193771633295026,1.5653738490482887,0.6198878830972149
1.1070535606597032,-1.0942113386744283,-0.19189360610246192,-0.5047956806763484
-1.2891662676080522,1.564784573142114,-0.19189360610246192,0.0507214487984653
0.9618281165222634,-1.2682141934670756,-0.8948005881627622,-0.9059447818957981
0.3083136179037847,0.1871293376441349,-0.19189360610246192,-0.0953302171859565
1.179666282728423,-1.5645997730768013,-0.19189360610246192,0.35741809030175437
1.2522790047971428,-1.1869985223055137,1.5653738490482887,1.2716068452686307
1.6153426151407422,1.2585911688370301,-0.543347097132612,-0.33611617617692285
0.3083136179037847,-0.27732278181104775,0.5110133759578382,0.11597816862727561
0.9618281165222634,1.521294613637697,1.2139203580181388,1.8142472032429882
0.017862729628905245,-1.1543487900959661,0.8624668669879887,0.6720990962840769
1.2522790047971428,-0.21339985419130142,-0.19189360610246192,0.044624181658604614
-1.361778989676772,0.847264766481704,-1.5977075702230625,-1.4991755836168483
0.017862729628905245,-0.08077913692906856,1.2139203580181388,0.687655564247796
1.1070535606597032,1.5182834393891222,1.2139203580181388,2.6345462529926253
-0.853489935195733,-0.1853959336795552,-1.2462540791929122,-1.3614858839956634
0.017862729628905245,1.0438084113636832,0.8624668669879887,1.0449581548891582
-0.5630390469208536,1.7422717867081123,0.8624668669879887,0.8715677476556448
-0.4904263248521338,-0.5182597384720163,0.15955988492768816,-0.6195583789370733
-0.5630390469208536,0.7691032863436965,-0.19189360610246192,-0.6720897328518474
-0.2725881586459742,0.6237926204624695,-0.8948005881627622,-0.7308715836565935
1.2522790047971428,0.3259874872784157,0.8624668669879887,0.9231988767885126
0.3083136179037847,0.7217848338660915,0.5110133759578382,0.6473406345770446
0.16308817376634496,-1.19461249147691,1.2139203580181388,0.47510674712413575
0.3083136179037847,-1.6019383337591295,1.2139203580181388,0.0690287556094269
1.4701171710033023,-0.35083845025125404,0.5110133759578382,1.381981517768717
1.179666282728423,-1.366636574620494,-0.19189360610246192,0.1959887243954108
1.0344408385909833,-0.1190210498859693,1.2139203580181388,1.5012316587112835
-1.2165535455393324,-0.8751699204780968,-1.5977075702230625,-1.590421163562814
-1.361778989676772,0.8607720338253112,-0.543347097132612,-0.5887555508372425
-0.6356517689895734,-0.2150775084155074,1.2139203580181388,1.6470762821166853
-0.9987153793331728,-1.6058958770572567,-1.2462540791929122,-1.0568906790653345
-1.7248426000203714,-0.5184318055719349,-0.19189360610246192,-0.626170972319869
0.7439899503161038,-1.1679420909895326,-1.2462540791929122,-1.0748021423551744
0.7439899503161038,-0.3035199977736491,-1.2462540791929122,-1.1475953944766804
1.3975044489345825,-0.7560564705594712,-0.8948005881627622,-0.5450175779988178
0.3809263399725045,0.7903965899586187,1.5653738490482887,1.690872628193248
-1.6522298779516515,-0.997810745945053,-1.2462540791929122,-1.4324203133152194
-0.34520088071469407,-0.5131407422494392,-0.19189360610246192,0.1040554347376339
1.6153426151407422,0.9215547368715438,1.5653738490482887,2.083514742035962
0.5987645061786641,0.709266952347016,-1.5977075702230625,-1.4108933575882203
0.9618281165222634,-0.09235064939859196,0.15955988492768816,0.4196731487756987
0.5987645061786641,0.9465904999096948,-0.19189360610246192,0.44122473071253704
-0.12736271450853448,-0.6380614567903162,-0.543347097132612,-0.49697457884773155
0.3809263399725045,0.4095690810638579,0.8624668669879887,0.4995769909678628
1.1070535606597032,-1.5711383228737068,-1.2462540791929122,-1.0919000286384692
0.3809263399725045,0.5018400633951876,1.5653738490482887,1.2648574396089496
-0.19997543657725433,1.0818352404456857,0.5110133759578382,0.06232221779650341
0.3809263399725045,-1.6224573354244183,-0.543347097132612,-0.43452980734983937
0.8892153944535436,1.0751246235488618,-0.8948005881627622,-0.8663376277374673
1.3248917268658627,-0.11687021113698726,-0.543347097132612,-0.08793870590676013
-1.361778989676772,1.3807157930042306,0.8624668669879887,-0.06535920772958928
1.5427298930720224,-0.5750418814451423,1.5653738490482887,1.2189432394862005
-0.4178136027834139,1.2074872401612167,-0.19189360610246192,0.4688836126895407
-1.4343917117454918,0.26197852610871003,0.5110133759578382,-0.6978186496429206
1.2522790047971428,-0.38039097466226734,-0.19189360610246192,0.48296159598105093
0.5261517841099442,0.7626077533217707,-0.19189360610246192,-0.30794561628436784
1.3975044489345825,0.5605149444674178,0.5110133759578382,0.8787877875478117
0.09047545169762511,1.398266637195924,0.15955988492768816,0.9376553740460727
-0.34520088071469407,0.2649466835823053,-1.5977075702230625,-1.420314250974551
0.23570089583506482,0.060272868229173916,-1.2462540791929122,-0.9132687991183979
1.3975044489345825,-0.38697254123415237,0.5110133759578382,0.73816118438282
-1.6522298779516515,-0.6575480558560935,0.8624668669879887,0.026702685468459886
-1.4343917117454918,1.7156013862207349,-1.5977075702230625,-1.5172475733115671
-0.7082644910582934,1.2433632304942372,0.5110133759578382,-0.16908662773673558
1.3975044489345825,-0.0576791287650014,0.5110133759578382,0.7870350900955235
0.3083136179037847,-0.7909000582929804,0.8624668669879887,0.2959492463789784
-0.9987153793331728,0.9806597856935704,-0.19189360610246192,-0.6496616402610965
1.6153426151407422,0.5159925823634894,-1.5977075702230625,-1.3420247936496346
0.9618281165222634,0.9113597612013689,-1.2462540791929122,-0.913660994312136
-1.5070044338142117,0.8745804185937759,-0.19189360610246192,-0.4784912402405104
0.8166026723848236,-1.3059829218992003,0.5110133759578382,0.9848355437709347
-1.5796171558829317,0.39003946522310096,-1.5977075702230625,-1.6000782861472334
-0.4178136027834139,-1.6830249545957527,-1.5977075702230625,-1.5163418760385856
1.1070535606597032,1.659292427772385,-0.8948005881627622,-0.665004681072874
0.4535390620412244,-1.5756120674715894,1.2139203580181388,0.5665766992041938
-1.1439408234706125,-1.3213399105669321,1.5653738490482887,-0.0337920550428921
1.3248917268658627,-1.1251834166597696,0.8624668669879887,0.677046228216254
0.23570089583506482,0.9805737521436111,0.8624668669879887,0.3045665956590684
0.5987645061786641,-0.9104436759614024,0.15955988492768816,-0.45055143705496864
1.6153426151407422,-1.2343599915580983,1.2139203580181388,1.2883955358061643
-1.5796171558829317,0.44243389714830356,0.15955988492768816,-0.825690700274807
0.671377228247384,0.03971084978890557,-0.543347097132612,0.07127430111403993
0.8892153944535436,1.7212796005180475,0.5110133759578382,0.7956861864039119
-0.05474999243981461,1.1599967205836932,0.15955988492768816,0.578993781454315
-1.6522298779516515,-0.8826548393245544,-0.19189360610246192,-1.1208248802175858
1.687955337209462,-0.6396960942395427,-1.2462540791929122,-1.125367959892028
0.5261517841099442,-0.136184743102846,-0.19189360610246192,-0.1296062529549855
-1.1439408234706125,0.2911008827699269,0.15955988492768816,-0.18824399482807894
-0.853489935195733,-0.8742665682035243,-0.19189360610246192,-0.11664556992470594
-0.2725881586459742,-0.3197373219409737,0.15955988492768816,-0.3754031896073418
0.09047545169762511,0.49723726847236605,1.2139203580181388,1.2904805549058982
-0.12736271450853448,-0.38396136698557753,0.5110133759578382,0.4832251876345168
-1.5796171558829317,-0.7917603937925731,-0.19189360610246192,-0.472731443383634
-1.5796171558829317,0.19878688366361758,0.5110133759578382,-0.4518146704115441
-1.7248426000203714,-0.6791424768958733,-0.19189360610246192,-0.6432086612013339
-0.05474999243981461,1.1150011739549888,-0.543347097132612,-0.49422738832787216
0.8892153944535436,-0.08181153952857993,-1.5977075702230625,-1.3364583581440896
-0.5630390469208536,1.7316036265131614,-0.8948005881627622,-1.0434794276031791
-0.19997543657725433,-0.3691205796176014,1.5653738490482887,1.9922700741718418
0.8166026723848236,1.372542605758099,-0.543347097132612,-0.5453513999544182
0.3809263399725045,0.264860650032346,0.15955988492768816,0.4651167146659617
-1.2165535455393324,0.3609171085618841,-0.8948005881627622,-0.8570426016458712
0.4535390620412244,1.6926734451565864,-1.5977075702230625,-1.335317343754865
1.3248917268658627,0.6411283807792648,0.5110133759578382,1.273826852481558
-0.9987153793331728,0.460113791664936,0.8624668669879887,1.0918829416971674
1.687955337209462,-1.333470641111191,-0.8948005881627622,-0.7459209341139904
0.8892153944535436,-0.6489016840851858,-1.2462540791929122,-1.052791783249847
-1.0713281014018927,0.554019411445492,-0.19189360610246192,-0.23885085604799824
0.671377228247384,1.3464744401204365,0.5110133759578382,1.2508232362460425
0.5261517841099442,-0.27551607726190286,1.5653738490482887,0.917618760055279
-0.2725881586459742,-0.08327410987788773,0.5110133759578382,0.783236269207338
1.0344408385909833,1.2070140556364406,1.2139203580181388,2.2467983703350267
-0.853489935195733,0.6033166355721605,-1.5977075702230625,-1.413139815174679
-1.6522298779516515,-0.12074172088515495,-1.5977075702230625,-1.5744250721493702
-1.6522298779516515,1.3185565531586496,0.15955988492768816,0.3802657405416205
0.8166026723848236,1.4445957038489974,0.8624668669879887,2.1344727547665543
0.9618281165222634,1.7337544652621433,0.15955988492768816,0.1047367598765231
-0.7808772131270132,-1.3136399078455765,-0.543347097132612,-0.3353719173906662
-1.2891662676080522,-0.963913527261096,0.8624668669879887,0.41253519624966295
-0.2725881586459742,1.0660480840281574,-0.19189360610246192,-0.0021519358085224315
0.5261517841099442,-1.4363667668624918,0.15955988492768816,0.02979099459868696
0.5987645061786641,1.3274610255794352,1.5653738490482887,2.7168278925570584
-1.2891662676080522,1.1515654326876836,-0.8948005881627622,-0.9709251409252999
-1.0713281014018927,-0.5926357424118155,-1.5977075702230625,-1.4749807884905834
-1.6522298779516515,-1.249975080875708,1.5653738490482887,1.258253967044613
0.671377228247384,0.9403960843126264,1.5653738490482887,1.7226769221598806
-1.1439408234706125,0.015750506125245596,0.15955988492768816,-0.33272323171016444
-1.1439408234706125,-1.4485405141817302,0.15955988492768816,0.028242279624343974
-1.2891662676080522,0.0381622458896385,-0.19189360610246192,-1.023204760250605
0.9618281165222634,-1.6495579036615922,0.8624668669879887,0.879966197292718
0.09047545169762511,-1.1746957246613363,0.5110133759578382,0.36586396819481487
-0.4904263248521338,1.0889330083173265,0.5110133759578382,1.0849073397397027
-1.0713281014018927,0.701480916075701,-0.543347097132612,-0.5292987594665282
-0.4904263248521338,0.9320938467415558,0.15955988492768816,-0.10669840531328978
-0.05474999243981461,0.24765394004048963,-0.543347097132612,-0.05702277965803719
-0.9987153793331728,0.22657572030046558,-0.543347097132612,-0.5695762937815977
0.5261517841099442,1.3363654980002209,1.5653738490482887,0.8945522101723964
1.0344408385909833,-0.7074905316074567,-1.2462540791929122,-0.9823097465258591
1.3248917268658627,-0.1542517885942952,0.15955988492768816,0.4117982341181736
1.3248917268658627,0.44639144044643053,0.15955988492768816,-0.05903848053748267
-0.2725881586459742,-1.6811322164966485,-0.543347097132612,-0.4395061259010854
1.3248917268658627,-0.7324832778706281,1.2139203580181388,1.3841668658715
-0.9987153793331728,-1.2421890446043928,1.2139203580181388,0.6302026166925301
-0.5630390469208536,0.4464344572214102,-1.2462540791929122,-1.3346925676904218
0.09047545169762511,-0.8956889221433856,-0.8948005881627622,-0.5538994310142196
-1.5070044338142117,-1.0145012546371537,0.5110133759578382,-0.5042000912309738
1.0344408385909833,-1.2282085927360096,1.5653738490482887,1.6277018395460174
0.9618281165222634,0.013857768026141398,0.5110133759578382,0.5422697180108831
-0.926102657264453,0.21453102330616614,-0.8948005881627622,-0.7569042237023524
1.2522790047971428,-0.6904989054904985,-0.8948005881627622,-0.5955724505535203
1.6153426151407422,1.2429760795194205,0.15955988492768816,0.3706505737221129
1.3975044489345825,0.18235447562139476,1.2139203580181388,1.0662178706353074
0.23570089583506482,-1.372400822467766,-0.8948005881627622,-0.5842225040631055
-0.12736271450853448,-0.41437422689618364,-0.543347097132612,-0.25910363343627074
-1.4343917117454918,0.7585641764736845,-1.2462540791929122,-1.1390400667621117
-0.05474999243981461,0.12793825527214903,-0.8948005881627622,-1.036036839740612
-0.853489935195733,1.1102263119322486,0.15955988492768816,0.13486282324669419
0.9618281165222634,-0.020727719057489876,-1.5977075702230625,-1.3534048388409645
1.1070535606597032,-0.5861402093898898,1.2139203580181388,1.4120929878293533
0.8166026723848236,0.7896222880089852,-0.8948005881627622,-0.6108735356003864
-1.2165535455393324,1.2995861553926278,1.2139203580181388,1.1152404456888934
0.8166026723848236,0.10053656961011778,1.5653738490482887,2.8215166468297865
-0.19997543657725433,1.0978374807381122,-0.8948005881627622,-0.7007181578310459
0.671377228247384,-0.9013671364406981,-1.5977075702230625,-1.3538353414722306
-1.361778989676772,-1.0728750182845264,-1.5977075702230625,-1.576371454808527
-0.2725881586459742,-1.3360516476099693,-1.5977075702230625,-1.4542601131153627
-0.7082644910582934,0.4688031802108234,1.2139203580181388,0.9567051154795995
1.1070535606597032,-0.506688226002493,0.5110133759578382,1.358850210074775
1.6153426151407422,1.5183694729390815,-1.5977075702230625,-1.3937380101486339
0.3083136179037847,-0.8243240924521613,-0.543347097132612,-0.2938721934020869
-1.4343917117454918,-0.10770763806632375,-0.19189360610246192,-0.5826281849964672
0.3083136179037847,1.0796844016967038,0.15955988492768816,0.897126105141534
-0.4904263248521338,1.3224280629068172,0.15955988492768816,0.7091077292634308
0.09047545169762511,-0.1091271916406519,-1.5977075702230625,-1.3370375301162378
-0.7808772131270132,0.5835289190815257,0.5110133759578382,0.6268206172079221
1.687955337209462,1.0016519718836352,-0.543347097132612,-0.35790763563923356
-0.9987153793331728,-0.16345737843993835,1.2139203580181388,0.015179443427323384
0.5987645061786641,1.0447117636382557,-1.2462540791929122,-1.1269057298842202
0.4535390620412244,-0.6539346467578038,-1.2462540791929122,-1.0165219365656748
-1.5070044338142117,-1.1569728133697244,1.5653738490482887,-0.5461905152526487
-1.1439408234706125,0.33510704357409954,0.15955988492768816,-0.1826456364579272
-1.2891662676080522,1.0635100943043587,-0.8948005881627622,-0.8123515032784779
-0.19997543657725433,1.6775315403637527,1.5653738490482887,1.514138528912655
0.3083136179037847,-0.8983559621921233,0.5110133759578382,0.023804089362180765
-1.2891662676080522,-0.6864123118674326,-0.19189360610246192,-0.82639573954169
-0.4904263248521338,0.8227452047433087,0.15955988492768816,0.09829016538968213
0.7439899503161038,0.5448568383748286,-1.5977075702230625,-1.4691042451574314
-1.5070044338142117,0.7641563572210378,-0.543347097132612,-0.7428827894852881
-0.19997543657725433,0.1609321216815336,-1.2462540791929122,-1.2008664467684813
0.4535390620412244,-0.3081658094714503,0.5110133759578382,0.7498577219746778
1.5427298930720224,0.17985950267257558,-0.8948005881627622,-0.6496598160974046
-1.361778989676772,-1.6545908663342102,1.5653738490482887,1.1724635486189918
1.179666282728423,1.4554789479188466,1.5653738490482887,1.8318896023882867
-0.19997543657725433,0.506830009292826,-0.19189360610246192,-0.33506180956305925
0.3809263399725045,0.590927804378024,-1.5977075702230625,-1.4681274055004696
0.3809263399725045,0.005125362705274298,0.15955988492768816,-0.005725472480769787
-0.34520088071469407,0.8176262085207314,-1.5977075702230625,-1.3538709126642208
1.0344408385909833,0.6452149744023307,-1.5977075702230625,-1.3757681736206562
-0.34520088071469407,-1.2483834602014612,0.5110133759578382,0.09954427792779853
0.5987645061786641,0.6793272769611859,0.15955988492768816,0.29894452316092335
-1.1439408234706125,-1.2248532842875977,-1.2462540791929122,-1.2231486062638879
-0.6356517689895734,1.0075452700558458,-0.543347097132612,-0.6492740054765879
-1.6522298779516515,-0.1993763855479385,0.15955988492768816,-0.14119151656164308
0.9618281165222634,1.2377280329719043,-1.5977075702230625,-1.2719969736849064
-0.34520088071469407,-0.433258591112246,0.8624668669879887,1.5240783968693044
-1.7248426000203714,-0.48092117778968807,1.5653738490482887,0.8740668519134184
-0.12736271450853448,-0.6913162242151116,-0.19189360610246192,-0.1884583340618663
-0.853489935195733,0.4415305448737311,-0.8948005881627622,-0.8519148775082055
-0.34520088071469407,0.597982555474685,-1.5977075702230625,-1.413252913323571
1.3248917268658627,0.5111747035657697,0.5110133759578382,0.6160817655542623
-1.361778989676772,1.3307733172528675,-1.2462540791929122,-1.2971914105142806
-0.7808772131270132,1.4559521324436224,1.5653738490482887,2.3792390389330405
-1.2891662676080522,1.7248930096163373,1.5653738490482887,0.6120987041332044
1.0344408385909833,-0.22269147758690386,-0.543347097132612,-0.09691359127044388
0.7439899503161038,-1.2765164310381463,-1.5977075702230625,-1.3617896072503493
1.2522790047971428,-0.7235788054498423,0.8624668669879887,0.7451677971230455
1.3248917268658627,1.5517504903232828,1.5653738490482887,2.2171347324607282
-1.361778989676772,1.3853185879270522,-1.5977075702230625,-1.4877672638882955
1.1070535606597032,1.3919861880488966,-0.543347097132612,-0.03293652227143515
0.9618281165222634,1.546330376675848,0.5110133759578382,0.6420286699065063
-0.12736271450853448,-0.11114898006469502,0.15955988492768816,0.19838202715905964
-1.2891662676080522,0.2956606609177689,-1.5977075702230625,-1.5108712091268601
1.6153426151407422,-1.6418579009402363,0.5110133759578382,0.9349847984012692
-0.7082644910582934,-0.03251431540191148,-1.5977075702230625,-1.3718963861847984
-0.926102657264453,-1.612434426854162,-1.5977075702230625,-1.5513284235655727
-1.361778989676772,0.4735780422335636,1.5653738490482887,1.2588650618813677
-0.926102657264453,-1.5215399813221808,-1.5977075702230625,-1.5858844684612936
0.09047545169762511,-0.7245681912743741,0.5110133759578382,0.6880550560963015
-1.6522298779516515,1.2354481438979834,-0.543347097132612,-0.33807897630930583
0.5987645061786641,-1.5078176301036754,0.5110133759578382,0.3164218354921135
0.5261517841099442,0.2177572814296392,0.8624668669879887,0.6129743027052714
1.6153426151407422,-0.4922776063843133,-1.5977075702230625,-1.4363696277079785
-0.853489935195733,0.13460585539399336,0.15955988492768816,0.01074672565623538
1.6153426151407422,-0.6719156586992936,1.5653738490482887,1.745652263858173
1.6153426151407422,-1.3780360199900987,0.5110133759578382,0.8464499257013262
-1.2165535455393324,0.4528869734683563,-0.543347097132612,-0.7692820864331
0.16308817376634496,1.4683409636377591,0.8624668669879887,1.1169688407868792
1.1070535606597032,1.26938837935692,-0.543347097132612,-0.4081669936758638
-0.7808772131270132,-0.4252574709660328,1.5653738490482887,1.9803674060828096
1.6153426151407422,-0.8253564950516726,-0.8948005881627622,-0.9872249555934297
-0.34520088071469407,-1.0480543391212735,-0.8948005881627622,-0.8372157664796354
1.1070535606597032,-0.2438987476518668,-1.5977075702230625,-1.3398950825394516
-0.05474999243981461,1.2145419912578779,-0.543347097132612,-0.7046848017788773
1.5427298930720224,0.6601848120952457,-1.5977075702230625,-1.3389674953021682
-0.6356517689895734,0.2117349329324895,-1.2462540791929122,-1.1622288356123454
1.4701171710033023,0.4027724306170747,-0.19189360610246192,0.5659884064135864
-1.5070044338142117,0.3354941945489163,-0.19189360610246192,-0.8092668424756345
-0.853489935195733,-0.32976023051123,-0.543347097132612,-0.6167601118338434
-0.853489935195733,1.3264716397549035,-0.19189360610246192,-0.43058414128446365
1.3248917268658627,0.5131104584398536,-1.5977075702230625,-1.3785691769694237
0.7439899503161038,-1.0721007163348928,-0.19189360610246192,0.2272138463898944
1.5427298930720224,-1.2057538361966371,-1.2462540791929122,-1.0764055822402718
0.5987645061786641,-0.6777229233215452,-0.8948005881627622,-0.7042096071371617
-1.2165535455393324,-0.7087380180818662,0.8624668669879887,0.30988585698437376
-0.4178136027834139,-1.2516097183249342,0.8624668669879887,0.3637351691664776
-0.853489935195733,-0.17537302510929886,0.15955988492768816,0.5185610625084848
-1.2891662676080522,0.2907567485700898,1.2139203580181388,0.9227291546378729
-1.1439408234706125,0.5716132724121652,0.8624668669879887,1.1107958708538088
-0.2725881586459742,-0.8948716034187724,-0.19189360610246192,0.24600273241549292
-1.5796171558829317,0.9242217769202815,1.5653738490482887,0.2599165409747407
-0.926102657264453,0.531263537481262,-0.543347097132612,-0.9085679292846145
-0.4178136027834139,1.6001873789503585,-0.19189360610246192,0.3280992193652075
0.7439899503161038,0.5897663514535736,0.5110133759578382,0.24467200500232067
0.671377228247384,-0.30601497072246825,-0.8948005881627622,-0.6805657094458225
1.2522790047971428,1.3285364449539263,1.5653738490482887,1.257724959573989
-1.0713281014018927,1.0472067365870747,1.2139203580181388,1.3954292525047087
-0.6356517689895734,1.6830807043361264,1.5653738490482887,1.5153151144938697
-0.926102657264453,-1.566922678925702,0.15955988492768816,-0.2057176588318857
-1.0713281014018927,1.7295388213141385,-0.543347097132612,-0.4421073833256002
-1.2891662676080522,1.2591503869117655,1.5653738490482887,1.4254294485801446
1.4701171710033023,0.20003437013802716,1.5653738490482887,2.295363992383815
-1.361778989676772,0.5881747307793269,-0.19189360610246192,-0.9648953678420363
0.5987645061786641,1.6273309639625118,0.15955988492768816,0.41954728148096404
-0.5630390469208536,-0.9717855970823702,-1.5977075702230625,-1.4282949671262009
1.3248917268658627,-0.10521266511750459,0.15955988492768816,0.7463863384691715
-0.5630390469208536,0.24580421871636507,0.15955988492768816,-0.303456349438834
1.179666282728423,0.35162548516628167,0.15955988492768816,0.4761547291650779
1.5427298930720224,-1.5913992238891177,0.5110133759578382,0.5593995271587845
1.179666282728423,1.7094069706236665,-1.5977075702230625,-1.2619959962445817
0.7439899503161038,-1.5532003277071964,0.5110133759578382,0.5650690279129166
-1.0713281014018927,-1.4035879843280055,1.2139203580181388,0.27105397239506035
-0.4178136027834139,-0.3227915129645282,1.5653738490482887,1.4548440881105114
-1.361778989676772,0.09989131798542317,-0.19189360610246192,-0.28699509628397957
-1.6522298779516515,-0.13893781670154304,0.5110133759578382,0.26420879814155956
-0.7808772131270132,-1.6283506335966291,-0.8948005881627622,-0.8194028080291529
-1.7248426000203714,-1.17185661751268,0.15955988492768816,-1.0310568728619824
-1.5070044338142117,1.1091508925577578,-0.19189360610246192,-0.6360396978925376
-0.34520088071469407,1.1134095532807422,1.5653738490482887,2.1241935923632287
0.5987645061786641,-0.9571598935892923,-0.543347097132612,-0.6699709667238151
-0.7082644910582934,-1.0945554728742655,-1.5977075702230625,-1.5221062333046913
1.0344408385909833,0.8654178455231124,0.8624668669879887,1.744364404291758
0.09047545169762511,1.254289491339066,-0.543347097132612,-0.33648100891528404
-1.1439408234706125,0.5762160673349868,1.5653738490482887,1.645460073085746
0.671377228247384,1.5278761802095822,1.5653738490482887,2.7593217857576717
-0.6356517689895734,1.449198498771819,-0.19189360610246192,0.03846762919876044
1.687955337209462,1.5428460179024972,-0.19189360610246192,0.23081200927198117
1.4701171710033023,0.8288535867904177,-1.2462540791929122,-0.8077099187646785
0.9618281165222634,-1.259782905571066,0.5110133759578382,0.8640011166620346
-0.19997543657725433,0.16583603402921265,1.5653738490482887,0.6463656190837742
-1.2891662676080522,-1.5864953115414386,-1.5977075702230625,-1.641986622802777
-0.34520088071469407,1.2243928327282156,-1.5977075702230625,-1.4546960882377042
0.5261517841099442,1.2124341692838754,-0.19189360610246192,0.013367136799514534
-0.5630390469208536,1.71259021197216,0.8624668669879887,1.3043323418996242
0.4535390620412244,-1.6056377764073788,1.5653738490482887,1.547675778386502
1.0344408385909833,0.2371148301704776,-1.2462540791929122,-1.1246693051980665
-1.0713281014018927,-0.2109478980174619,0.15955988492768816,0.5140353123891147
-0.4904263248521338,1.4180543536865589,0.8624668669879887,0.5247066699861779
0.3809263399725045,-1.1597258869684213,-1.2462540791929122,-0.9650039055816987
1.3975044489345825,-0.27452669143737113,0.15955988492768816,-0.15075195847039696
-0.19997543657725433,0.4748685454829528,0.15955988492768816,-0.05541569144555648
-0.926102657264453,-1.4397650920858835,1.2139203580181388,1.413373550741001
0.5987645061786641,-0.1665545862384725,1.5653738490482887,1.8528036391148386
1.179666282728423,0.27836791737595323,-1.5977075702230625,-1.438271318356686
0.3083136179037847,-0.028685822428723442,-0.19189360610246192,-0.11820979029042945
0.5261517841099442,-0.8001056481386235,-0.543347097132612,-0.2918181850851137
-0.12736271450853448,-1.4208807278698212,0.5110133759578382,-0.3091322347658873
0.3083136179037847,0.1395958012916317,-1.5977075702230625,-1.4776969682276822
1.3975044489345825,-0.2798177547598669,-0.543347097132612,-0.10175857003588
1.4701171710033023,-1.1106007299416714,0.5110133759578382,1.0138342739795698
0.8166026723848236,-1.0993303348970056,-0.8948005881627622,-0.731027549652243
-1.5070044338142117,0.695974768878307,1.2139203580181388,0.5075312567459818
1.3248917268658627,0.190828780292384,0.8624668669879887,0.7543396921654443
0.9618281165222634,0.19573269264006307,-0.543347097132612,-0.13439285848228358
-1.5070044338142117,1.26100010823589,-1.5977075702230625,-1.4356782696687842
1.3975044489345825,-1.4492287825814045,1.2139203580181388,1.5757423609486243
-0.853489935195733,-1.519819310322995,1.2139203580181388,0.24887396606639503
-0.2725881586459742,1.5357482500308564,0.8624668669879887,0.8365365081182083
0.7439899503161038,-0.6764754368471356,0.8624668669879887,1.7746893015043361
-0.5630390469208536,0.34405453276986486,-0.19189360610246192,-0.7171511364486773
1.687955337209462,-0.3983719866037572,0.5110133759578382,0.9918521894114652
-1.7248426000203714,-0.9242090439548875,1.5653738490482887,-0.49683776657084616
-0.19997543657725433,-1.4552081143035747,1.2139203580181388,0.09702875619679835
-0.9987153793331728,-0.9027866900150263,-0.8948005881627622,-1.2110498405779868
0.8166026723848236,0.5033456505194751,-1.5977075702230625,-1.3240513087942731
-0.05474999243981461,1.4875694620536586,-1.5977075702230625,-1.3579077869141867
-0.6356517689895734,0.3815651605521117,0.15955988492768816,0.04216429692020488
-1.361778989676772,-1.3247382357903237,0.5110133759578382,-0.03947979743394194
-0.853489935195733,-0.8421330372937327,-0.543347097132612,-0.5142822439555838
0.671377228247384,1.160986106408225,-1.2462540791929122,-1.0490084677530422
-0.2725881586459742,0.3270629066529067,-0.19189360610246192,-0.26291157514291513
0.3809263399725045,-0.646965929211102,0.5110133759578382,1.0826472009255554
0.16308817376634496,0.09894494893587108,-0.8948005881627622,-0.9284312477246867
-0.5630390469208536,0.8341876668878931,-1.2462540791929122,-1.1358331869919172
-0.05474999243981461,0.29406904024352215,-0.8948005881627622,-0.6423950841947886
0.16308817376634496,-0.800406765563481,1.5653738490482887,0.9887429023987825
0.3809263399725045,-1.6807450655218317,0.15955988492768816,-0.0012982272007573197
-1.1439408234706125,0.6173831209905031,1.5653738490482887,1.8366050655316042
-1.2891662676080522,-0.05793722941487924,1.5653738490482887,1.1461682290016129
1.4701171710033023,-1.6722707608508425,1.5653738490482887,2.080796738135172
-0.7082644910582934,1.0940089877649242,1.5653738490482887,2.3024964724187753
0.23570089583506482,-1.345429304555531,-0.19189360610246192,0.19823700614556108
-0.926102657264453,-1.0025425911928134,1.2139203580181388,0.6759334883642526
1.1070535606597032,1.5536862451973665,0.5110133759578382,1.0261948071552451
-0.7082644910582934,-1.5893774354650745,0.8624668669879887,0.3064418359342448
-0.2725881586459742,1.17475147440171,-0.543347097132612,-0.19729367090312702
-0.34520088071469407,-0.9148744037843054,-0.19189360610246192,0.0614657729432007
-0.7808772131270132,-0.07196069805824218,1.5653738490482887,0.5959457346422653
0.23570089583506482,-0.44538932165650474,1.5653738490482887,0.5167679095994399
0.017862729628905245,1.5650426737919918,1.2139203580181388,1.494246023853514
-0.853489935195733,1.4937208608757473,0.8624668669879887,1.2672069624439957
-0.05474999243981461,-1.5160768508997664,1.5653738490482887,1.2018325840570634
0.09047545169762511,0.0563583417060266,-0.8948005881627622,-0.6575155770361659
-0.4178136027834139,0.5498037674974873,1.5653738490482887,2.004692628913039
-0.6356517689895734,-0.6588815758804625,0.8624668669879887,0.4642757752040395
0.3809263399725045,-0.5478982964329889,1.2139203580181388,1.5835652869409333
-0.4178136027834139,0.05321811713251281,-0.19189360610246192,-0.3831513248882865
-0.9987153793331728,0.04319520856225648,-0.8948005881627622,-0.9867023326957274
-0.9987153793331728,1.563322002792806,1.5653738490482887,1.4899227559039345
-0.9987153793331728,-0.9764314087801714,-0.19189360610246192,-0.8571420185670746
0.8892153944535436,-0.6424491678382396,-1.5977075702230625,-1.366587157759798
-0.4904263248521338,0.6427200014535115,-0.19189360610246192,-0.5030718459875919
-0.19997543657725433,1.4379711205021326,1.2139203580181388,0.9774732191108072
-1.5070044338142117,0.7018680670505177,1.5653738490482887,0.7600201379017274
0.4535390620412244,-1.0168671772610338,0.5110133759578382,0.3892889662431373
0.16308817376634496,1.3860498731017061,0.15955988492768816,0.3888520790389498
1.6153426151407422,-1.6374271731173333,-0.8948005881627622,-1.0388797988542913
0.017862729628905245,0.41107466818814536,0.15955988492768816,-0.06353139571039991
0.671377228247384,-1.0973945800229217,1.5653738490482887,1.1081891409382187
0.8166026723848236,0.13017512757109037,1.2139203580181388,1.2204354053860977
0.09047545169762511,-1.2215840093891448,-1.5977075702230625,-1.5430412479136995
1.179666282728423,0.6317077070587235,1.5653738490482887,2.022058667259029
1.4701171710033023,-0.5214429798205098,0.15955988492768816,0.6934345148234363
-1.361778989676772,-0.14853055752200295,-0.543347097132612,-0.9662224469278249
1.3248917268658627,0.47934229008083545,0.5110133759578382,0.6113571815924856
-0.853489935195733,1.2552358603886182,-0.19189360610246192,-0.6205525481491074
0.16308817376634496,0.3568305149388182,0.15955988492768816,-0.2893318499731827
-0.5630390469208536,1.5762270352866985,-0.543347097132612,-0.23621037910410944
0.8892153944535436,-0.19313895317589055,0.5110133759578382,0.12847277783429878
1.2522790047971428,-1.1262588360342607,0.15955988492768816,-0.25910728176365444
-0.19997543657725433,-1.1380024156037027,-0.543347097132612,-0.5393754397000627
-0.34520088071469407,0.5181434211124716,0.8624668669879887,0.22612755691142414
-1.0713281014018927,-0.9541057025657379,-0.543347097132612,-0.6697119354795786
-1.1439408234706125,0.9472357515343894,0.8624668669879887,0.007045497525561826
0.8166026723848236,-0.2941423408280874,-0.543347097132612,-0.10297346305462256
1.1070535606597032,-0.7047374580087596,-0.19189360610246192,-0.007464812560906478
-1.2891662676080522,-0.5514256719813195,0.8624668669879887,0.7743690095014709
-0.5630390469208536,0.862836839024334,-0.8948005881627622,-0.8251160887118882
1.0344408385909833,0.2880897085213521,0.5110133759578382,1.2214286625162858
-0.5630390469208536,-0.9516537463918984,1.5653738490482887,0.9566741046968388
0.7439899503161038,-0.3679161099181715,1.5653738490482887,1.2628599803664222
-0.12736271450853448,0.03330135031693908,0.8624668669879887,0.4357531517189658
-0.7808772131270132,-0.05819533006475709,1.5653738490482887,1.1461135040908588
-0.2725881586459742,-1.4925466749859029,0.5110133759578382,0.31868835887918195
1.6153426151407422,-1.4175684361963887,-1.5977075702230625,-1.5107134189675193
0.16308817376634496,0.18011760332245344,-1.5977075702230625,-1.3309046917843872
0.8166026723848236,0.6826825854095979,-0.19189360610246192,-0.13400248745223695
1.687955337209462,-1.43899079013625,-1.5977075702230625,-1.4199594511364946
-0.12736271450853448,1.2747654762293752,-1.2462540791929122,-1.2265999239687844
0.8892153944535436,1.648624267577434,1.5653738490482887,1.8728420772693244
0.16308817376634496,-1.0789834003316354,-0.8948005881627622,-1.003357859283759
-1.2165535455393324,-0.3851658366850075,0.8624668669879887,-0.21896108723439503
1.0344408385909833,-0.5388217569122847,-1.5977075702230625,-1.3096650418388478
0.671377228247384,-0.40121109375241354,-0.8948005881627622,-0.8507957530832827
0.09047545169762511,-0.3011970919247485,-0.543347097132612,-0.6873041701233525
-1.2165535455393324,1.0780497642474773,0.5110133759578382,0.4448347506586203
-0.5630390469208536,1.42510910478322,0.5110133759578382,-0.14211180714415908
-1.0713281014018927,-1.4176974865213277,-0.19189360610246192,-0.4478817734920112
0.017862729628905245,1.6730147789908905,0.5110133759578382,1.4269799877181795
-0.19997543657725433,-0.004467378115185621,1.2139203580181388,0.373868398474458
0.5987645061786641,0.022805257221906704,-0.543347097132612,-0.4409253252533102
0.5987645061786641,-0.043268509146821704,0.5110133759578382,0.7891739220241657
-0.2725881586459742,-1.151380632622371,-0.19189360610246192,-0.2372319107715207
