PC1,PC2,PC3
1.2662726440962557,-0.08179468105618279,-0.48465955447597764
0.7017375048912414,0.37116327458468196,0.9823826310819516
-0.9849638318931782,-0.8037632744033587,0.8449990882982339
-1.9778445930791968,0.8300402813721137,-0.4782069607494901
2.4265058223345775,-0.3122286796509257,1.401480559734897
1.917177879800907,1.0758420156946626,-1.2693812887694533
2.6530059609620147,-0.13379491702197144,0.982598164222704
-0.24890114563626106,-0.41198504477863485,-1.302270489112525
-0.1056944678215866,-0.9667766847665624,1.329006542605799
2.1504165641691357,-1.4279478399277343,0.2402402770740345
0.9578898637955983,1.5459492615484536,0.20480977800551073
0.6897420225286565,1.8523116188667996,-0.3718829423535517
0.8439784377729637,0.2698520226184326,-1.8871271240959036
-1.5460376020264852,0.630885615529578,0.7770800113885356
-0.02910392573879041,0.3700349475201788,1.9095017381522603
-2.2649293994692488,-0.29897601371013294,-0.2570856480980296
-1.4047888938435176,-1.7981415829052765,0.22716643439246442
-1.5534721851706887,-2.1211702426843866,0.31388369997230314
0.0024540296507794476,-0.148490432403829,2.0011942786053196
1.2395995730593616,1.2184823284759811,-0.20798525106473928
2.2859755969978877,-0.68598560878313,0.5489846060094244
-1.160399895212411,0.3478804898145029,-1.0879179956915723
-0.7518508495918776,0.8261697645114009,-1.460042452101319
-1.9039895104986126,-0.3798150037011661,-1.2334727984902984
1.0228492423303948,1.9496334385075536,-0.016444140907783074
-0.8026220193027495,-1.4665156106965171,0.19651735161823577
0.6094254327843294,-1.5464426766083472,-0.14552269074492066
-1.8477909811895201,0.33790207027897823,-0.964466261447814
-1.7948788016760235,-1.5485173815073379,1.1696266055080993
0.17129040122809253,-1.7827767967378692,0.24285540042853374
-0.7780446339517569,1.005140774930195,-0.9998133870833203
0.9811674140041454,0.7377069842208016,0.7019206575037277
-0.7335212695935752,0.6614014869499827,-1.4032140236726125
-2.1741853434576033,-0.430581965065282,0.004225677419450012
1.981068181654185,-0.6906175217396286,0.7648913422620348
-2.261293073120841,-0.24787641065097216,-0.4028282527719331
1.0579794702520855,-0.03773219996900524,0.37516309546874443
-1.641283021829822,0.02681645791117393,2.3608770828792607
1.3952829600116974,-1.2000822360351413,-1.0580065705206436
0.05605628318026302,1.0917848647280164,0.32118306550514486
3.266089355940898,0.5447158611387928,1.3946249819249315
-1.6672424876125989,1.1544600643023324,0.013907864166254844
-1.3854083336224778,0.573803407433122,-1.547704538434838
1.1788428574596113,1.6190481494151665,0.38402917702668943
-1.6529723418018358,-0.01570525478134896,-1.7874536802258152
1.074738306732973,-0.7219818911977892,-0.5802502267735096
0.8904936226586075,-1.4546514152476981,-0.7820944627857301
0.8333907135008354,-0.7909630018848216,-1.2989382203702304
-0.12496503868346577,-0.5330063016602296,-1.8071970570676574
-0.48648323902875257,-2.209740753118841,-0.027727268411737786
-2.2768797507829097,0.6420981083134701,-1.2295826436364095
-0.8959431362290241,-0.8614063287403232,0.8853411229110343
-2.4711733719293254,-0.12986229255594223,-1.255543283514813
-1.4686167972820177,0.09082249368694716,-0.23769515565927912
-0.18807978245375132,-1.4664901343490526,0.35626323682059285
-1.2544816734550923,0.7385673879132486,-1.414400025026812
-1.7054646362963708,0.4038223332983996,2.039591204377062
1.2583320613709774,-0.5952596292643957,1.607808643748299
2.379404564627342,-0.07870880906935755,0.3440444336532848
-0.5660479041224269,-0.33329425653286415,-0.7947774175787017
0.15118588239034725,-0.6892587196419349,-0.9733526498832188
-1.0837797454617353,-0.9529831227527087,0.9005624579056406
1.592571563101863,1.2185497057746413,-0.720166012615401
-0.9858373673118406,1.4698136498294379,0.06286462558077495
-1.8589060856104003,1.8467616158888667,0.1870260479877813
0.8418166394286175,0.2749666920584355,-0.3906948592419945
0.05330749934744329,1.6080649311903545,-0.2579661060277629
1.2363511481223102,-0.543383995081539,-1.0942885617244946
-1.0755381654271468,-0.08827323702887105,0.5528520355823843
-2.1068040476965644,-0.36444438704509347,-1.2139313992638512
-2.278475559868688,0.8071771076207159,0.20502021550770186
0.8343037381104337,1.560099799899163,-0.5541658065081058
0.5873867021871667,-1.5286356726039136,-0.22510363086547108
-0.7936831447061246,0.9794839632632657,0.17715716072880536
0.6985595298567402,-0.923138163691128,-1.4579388970062208
0.5652011115982863,0.6333782918233638,0.8265560965837574
1.0101762439543378,0.1710878483508348,-1.1309373924455455
0.35353618521299285,1.4231359694905084,-0.2648510543699855
1.0433182656157205,1.3142213454922484,0.856441360560505
1.582554839796502,1.7048824131506872,-0.14544322835422474
0.12189152841540637,-0.19327647359672723,1.8590575436420191
0.20877785650155503,-0.33277978164775374,0.6214616972200018
1.7647755294109728,0.13688457663110548,-0.7942664414194939
-1.688888598374057,1.3329235696625357,0.27969619817225855
-1.8493679432627523,0.5618598403262052,-0.9470406058194933
-0.49072333020518494,1.7052178886203488,-0.540500135801021
1.690269964490099,1.0728146505798826,-0.7631275457432117
1.8047270116522014,1.0014105435452192,0.4078527001497671
0.8063388042051132,1.0413157840363845,-1.3524007997386103
3.3511114829019464,-0.22754916208445486,0.5671910888715194
-1.3351410909989856,-1.9503110227285283,-0.22770787130180942
1.0434176378793962,-0.6485310511701785,-1.382513278574536
0.9906110353227582,0.7701555132800023,-0.2181101564186062
-1.0015445491553225,0.7735859176721869,-1.1938123143053396
1.0621472873185855,-2.1150746168095953,-0.1492517438763691
-1.2839634129742654,1.0206777356017371,1.6228338754334588
-1.7271165658614476,-0.6317997886191973,1.8387340065454618
-1.6851217786956418,-0.23802760107546903,1.8213948524874966
-2.5760236731177764,-0.37863801048309653,-1.4875791926985376
1.827689195957954,-1.4068507435466007,-0.39146269260576
1.738712347514761,-0.4517432319596675,0.9181423409275592
-1.8665196594722298,0.8928662548484401,-0.32479408671543747
0.26511981311533633,-0.617055280105108,1.340022223825943
0.734386943163713,-2.1837819286479827,0.006787872892728971
0.4841706309749874,0.43513133795876613,0.7573542521517501
0.780730818068733,-1.7988572877196651,-0.42554590242308477
-1.8775001354463077,0.0034820235395138475,-0.29106165263552386
-0.9305940203368529,-1.6395582596391234,0.346104409417389
0.2726530998738382,-0.914650180054682,-0.723182359266726
-2.47413682793085,0.27462255163180005,-1.0678112796252233
1.4286586656008384,-1.2426209694288923,-1.0801152451920255
-1.7058562706167375,0.3042822552252617,0.37608018729422055
-0.5352263929282505,1.0358940834643067,-0.6860724709688711
-1.8430191911016482,0.8073144601551578,-0.01837247505586338
-0.7596346065390903,-1.9605379127171416,-0.27051009391816566
0.2657379304088605,-0.9229333179695466,0.8388122771013624
-1.0070944888685835,-1.722806380632365,0.6571858256802077
0.09721165484889711,-0.09497904219096477,0.4796739939852677
-0.1951884816707586,1.0536269750946976,-0.580879103351468
0.7714037227947702,0.7329682291104176,1.2249774614570312
1.3940603567859267,1.7123308659853038,-0.1714173022617064
-1.2245776214285742,-0.45590310209001367,-0.5655831227459962
-1.409989537178635,0.15937961625894143,-0.465264038316052
-1.2448425204975935,-0.8162146221000132,-1.0018469098106677
-1.4630519166536475,-1.712162277366796,0.21278601774451766
0.8077933592569668,1.848198316806114,0.0278430327343051
0.9550087751095113,-1.1544077297738946,1.087967654912534
1.273196874772828,1.3146393277312771,-1.0092901093177054
0.10594083331907252,-0.1107644227320576,-2.287004356188768
0.9935936544609125,-1.4878526920916038,0.6755806382999748
-1.8579160082952628,-0.2763226982445169,-0.3616095935645503
0.4471477489619647,0.9743370283333607,0.08491267294835506
-0.8124590126904103,0.08394109121288569,-0.9578190610859301
1.336098418864509,0.032996486782658555,0.22226459314198357
0.23309276535556886,-1.217236025471979,0.483959035575794
-1.268154928326947,-0.04705538163920204,-2.136210241207227
2.418291506795906,1.3598895415539367,0.24608599845931817
1.045041388356349,-0.040462064307106686,-1.7782720515245887
-1.9574807745581562,-0.7443362278889877,-1.1882584273246686
-0.044396123788025835,0.2030574720816126,-0.6303282186809518
0.16537228223616193,-1.282250648573065,-0.2541494573298685
-1.4199173438361874,1.193650339455094,1.4016636427300908
0.8006915566061593,1.2059693607734112,-1.3908092152263702
-1.8081479859306304,-0.5152000661571325,-0.29738132915179133
-0.8580611530889416,0.7138209367796859,1.2070485469121313
1.6314124958636256,-0.061831977330887244,0.6881819381841642
0.5836256791691591,0.5309734649292466,0.5545050178755869
-1.58452887813268,-1.4273134391360316,0.2906255805679409
2.031477838136995,-0.5701754121959247,-0.964327267450551
1.5348547890772488,-0.16624382882791228,1.4051858116657825
0.5630699649483486,1.370264361203558,0.1835357642764303
-0.9350187522212549,-0.4301542969437764,0.6145954583067894
-1.84155718596319,-1.627114021569266,1.2905046424220132
1.8313216055557167,-0.9973369544031008,-1.556094155507466
-0.48124608982091444,-0.19616488123996242,-2.1402577303366592
-1.1763136075689993,0.9517215012815682,-1.1183741046509796
0.3625791193143943,-0.012158671485066233,2.198906098870593
0.35126870432935525,1.2549053741131138,-0.016927060097921477
0.8726927425827549,0.5247958364296658,0.3287967433457364
0.14822797280473152,1.6626927651910606,0.08197127134497817
-0.10629936289012801,1.387062358725614,-0.26859584274191345
-0.3372932482369099,0.31013846201976364,0.5037296830021321
-2.0801914388249263,1.6285930440161898,0.9748426775372173
-1.4016789507555836,-0.9583274617314403,-0.5504393924515494
1.7713737660216582,-0.1096869369777686,-0.7362216204202956
0.724942593215165,0.4946437406267441,-0.18059038683889983
1.9272882244180338,0.9507256894803829,1.0731575942836533
0.6494631329926329,-0.6929144003942744,-0.0199478982149384
-1.7155618032649171,-0.7395172450245728,-1.0147243024518169
-1.416161398878779,-1.1745324474326329,-0.9478511961451433
0.3718769358071349,2.2843961037384832,0.062404925857421835
0.6789328512743661,-0.9842787369569322,0.09220431799452442
0.23973830816449687,-0.6185521710331485,0.7388511245456222
-1.9262824303735493,-0.8169760638212424,0.796709942602207
-1.441254958833421,-0.27822178209751625,1.0801041314487765
-0.5828418797614681,0.12208616767745085,-0.849470534014542
1.6000890476986172,-0.0359978799517575,1.6233349946779316
-2.2308451252232655,0.017500797811074935,-0.15328356844198976
0.8196887884168645,0.9627866157800753,0.1428342861141536
1.5338527220919507,-0.5834134586326338,1.2836691028120875
-1.7842655416218554,-1.231515542122982,-0.1982031718028626
-0.8987495227125465,0.8597823214392306,0.16379286422590567
1.357037718002606,0.8836875566564899,1.0429532761224458
-1.1585964831112265,1.8179636329527922,-0.18601315675893595
0.537381761375556,0.9069051727278116,-0.8532529778959635
0.43828940992939347,0.9421505390700918,-1.1271624354650465
-0.4908122112558968,-0.5648345909624589,0.4576750538400042
-0.6282990837244397,0.6595941447846129,-1.7359961856525352
0.9226341893555815,-0.6611662134579063,-1.8948928187722291
0.3600311671428921,-1.094651152457091,-0.41050868777697663
0.7010235262041457,0.23170099632887156,1.8201053297329717
-1.8452485440843187,0.14578166668041867,-0.3514966747504943
0.6191030811288978,-0.7184240616890579,0.1505955712339011
-0.5402654089002553,0.2688986788475085,2.1364402049850555
1.7594663989866985,1.1835200182270562,-0.9700489566322694
-0.8497499041673601,-0.4901559175718995,1.4282020428802729
0.4954929651735458,0.3255431716741679,-1.2255424129256443
-0.6684007145401157,-1.335881859009712,0.1225431840367535
-1.4655228456312919,0.6990726873150118,1.1301646326847266
1.8443778454169206,0.07871322770391698,1.2219883142947954
-1.0769349497531986,1.2086329946523877,1.0007237830939817
1.3109182117610414,0.10438495614169552,1.781778301412648
2.4460598279899144,-1.5973401895614727,-0.023806440427247378
0.7341433360570317,-0.054321897246835914,-0.11705286585168477
-1.4596321850889298,1.056400100486886,-0.7999033706488495
0.17765422931284594,-0.011312772674798816,-0.33457706173835616
0.351224339084251,-2.0489107592204867,-0.22532774904369124
-1.8856088561716566,-0.5177408744541502,1.2717838842802667
-2.0917012590233166,-0.7242282387519321,0.5975295249413162
-2.6261935867797486,0.10922006602683175,-1.6077340437454224
1.067564070279433,-0.1832179718887205,-0.6534603356100066
-1.0947997658514952,-0.18245012772850608,0.464504085395715
-1.7087843825285713,-0.6481654220443555,1.6289931834383862
2.4392767233049324,-1.039636373548411,-1.3391805159805819
-2.397893602812516,0.18670028313925696,-0.8618616582311486
-0.023984815270171884,-1.294279863513116,-0.4734786298479712
-1.6523966908776844,-0.7646069832225515,-1.233808622421221
2.2427880522898245,-0.5159573469837085,1.195050519992869
-2.189420202097186,1.9907898524542476,0.7376337796528595
-2.333657782705482,-0.8489212646368929,-0.9679298410181657
-1.0568402377709636,-0.4601885545395877,0.5892970246083535
0.6366941998115196,-0.7808676015290408,-0.41220421772444343
-1.9977234357616283,0.3896461284999255,0.6765460086753908
1.8240553770076458,-0.7466913300714325,-1.6102796911537829
0.9846850846260761,0.06590672035644664,1.0562842765988378
2.0683213657921753,-0.8517681314364843,1.0172667749325914
-1.0780243419097837,-0.06019870826091372,-1.9783300774227055
2.462474021509183,0.06996247707609786,1.4702926166635222
-1.6713686821076585,-0.3304823141436784,-0.12655850835352422
2.444137892192932,0.6505986082968608,1.3399291985745423
0.5124313126693683,-1.5446784278542018,0.3431759443874856
-0.7299178922832767,-0.14949769708422952,2.424999638645122
0.3814717844902547,0.07409823064408101,-0.16216241245275972
-2.010707923687171,-1.0155020658571579,0.32078781802168077
-0.052904409059688164,0.04022809818917598,-1.443323883517563
-2.0991242631627975,0.6302413020796037,-1.2451866299231995
2.110168088005018,-0.9787740755799366,-0.2855023972985145
-1.6963657603472082,1.728278116608546,0.7497022591789191
0.18735889269587885,-0.565340430904941,0.3245639382156529
-0.11529439936035937,0.19290302332185272,-0.30968195996537246
1.0962700981145277,-0.9182840605525461,-0.06862159034724322
0.47620797243050605,1.850152093001295,0.13485673620206398
0.7530477519996587,1.144915230030765,0.8197400533682337
1.620380262979009,-0.4590706725637702,0.7014814763706879
-2.166679135423765,1.3636381394465347,0.5332410439721099
-0.8696759000481153,-1.2825855906019286,1.2628303723581362
1.4551908854848716,-0.30117842129094646,-0.3866620611267358
0.9316843729044988,-0.8932568443360515,-0.35053993306582176
-0.5054734520650461,0.8565819833955505,-1.0309436823107383
-0.24816422697536464,-1.0286832317522787,-0.5862487834378011
-1.4430885888484537,0.8928098214966941,-1.1484609622362871
-1.945966610238184,0.17662765767718966,0.862039220160003
-0.5917920994145115,0.3644683176028172,1.9370888360210459
0.9294473853574808,-1.6926523492191834,-0.6010025221060593
1.2648286900833972,-1.074886684884836,-0.9555222495606269
-1.069004517776125,-0.892927102740423,-0.8066447941321425
0.6513118137255643,-2.092662389058605,0.016716363175270577
-0.6927271963472377,0.40927516961010607,-1.7389568083647717
-0.20459544024632143,0.2987570262172505,0.5677755089942195
-1.2598217995753718,-1.1914092583099174,0.001587373844687683
0.6598568918918098,0.7692073273867611,1.1461639807540152
0.6212127978630567,-0.15837641817361706,-1.8008666661876696
-0.11048736128079359,0.49126108636043553,-0.8226317129574713
2.1527879223157753,-0.056177404535399225,1.571712736094742
1.3059023605827826,-0.20322773107950004,-2.1698151886892187
-1.1639435223884278,-0.3352552955414179,-1.3444608215301768
2.341017718872204,-0.11774581619700704,1.1024191031426704
1.4841311760761091,1.5018404080965138,-0.3533468540098031
-2.2487011152469276,-0.27349400788400274,-1.8030900478258611
0.9869373921180804,2.0557121504044242,-0.09050368050594947
-1.2595195237435717,-0.6698831349462814,-0.5726896327325801
-2.278902833031748,-0.6497305344026487,-0.3937183730138478
-2.1120686088993925,0.47651213288512684,0.7613211459933542
2.9536998253261926,-1.8959988337446052,-0.4150485181199141
0.9331522748863532,-1.9247339627714033,0.052327896712716836
1.9008498992528629,2.3986781616308526,-0.31205890272873077
-1.044069070671226,0.7741702681452598,0.29935079537869547
0.022145778339311462,0.7309795029332831,-1.6848424026245419
-2.573008012056419,0.14125867998261915,-1.1911402461782545
2.000665900426764,0.6351147835937039,-0.1363567868337957
2.3785633600827203,-0.2762629755736284,1.2427465182641417
-1.8286794344400108,-2.1783231625365054,0.7702877916182478
1.9012688660922152,-1.5234551070302278,-0.8909709270536768
-1.9416042520809682,1.027166414254287,-0.2931802660643323
-0.038082541939022045,0.5569806697398492,1.194887016168444
-1.48774070524985,1.169234825305655,-0.6739357966299117
-1.1012588443987223,-1.1407033040624373,0.3362428908187509
1.2743604770386148,-1.8658503135045863,-0.5010096868625662
-0.5793342294266477,-1.151202041905741,0.682214742402128
-0.37414007670376953,-1.3815779796027383,0.4598226562901329
1.118095257721641,0.648797875203523,0.13003446241698607
-1.8819120376501988,0.9918547640591066,1.4355137167517664
-1.4022271062952618,0.0950743507720271,-0.9138072747723084
-2.3179400306337166,1.8658975909675164,0.1384101387927089
0.9438036341106739,2.324024507295551,-0.4555947054467247
0.2978879736344888,-0.3368520788194074,-1.923475446437775
0.1258721406898378,-0.8084185429881157,-0.5035669420700893
-1.1107176241984966,-1.4050433134455367,-0.2036189440979937
0.6413928220905653,0.4657518464951814,0.4727081891141264
0.7909875402901771,0.17210541745572164,-0.8741466970783976
-1.4477862917941162,1.4853857106994486,0.999048138475489
-2.0298975138533106,1.249075020654298,1.0033310641246058
-1.88419688426367,-0.931734504557418,1.0751218453803222
2.421114325085561,-1.452583473762723,-0.35243132346691824
-0.05242172873711372,-0.03550742059192063,-2.212084047787525
1.9707038201534375,-1.836676738741006,0.09073562565629674
0.46293535385510437,-1.2279579585978053,0.1585130230642854
0.1640892880862676,0.8564010272350919,1.4722702335368658
-0.9994680252337211,-0.29550922947097075,0.8401190527698127
-1.6318642667206071,-0.044178082832592114,2.09983233314407
0.2533185606627109,1.7554701054899837,0.4576380667768395
1.2284027839838125,0.348489935480641,-0.6594231869554631
1.004400221541865,-0.2469988299953732,-0.11165665149706908
-0.9094688263473089,-1.8542107101082348,0.724667219456612
-0.26305625070650607,-0.21628025944052337,-1.9896513824518796
-1.4399632362250065,-1.6197034786683573,0.10556934079427086
-0.8734906729323922,-0.8019643470421394,-0.2410893472222114
-1.4162318686550421,1.5348528068718958,0.4445299324996015
-1.441958999126347,-0.3151813855829129,0.8514126462760073
1.7519209606495783,0.15778228977582476,-0.07692122424809729
0.20058600353026715,1.1633016069766051,0.8885087345174257
1.1909696029035879,0.8732242914831814,-0.33857183269115076
-1.2981297243655465,-0.07555092028761352,1.1707778993703606
1.9736490877397674,-2.036499477673403,-0.6201186233711649
2.7465692128688857,0.6183031017091901,1.380027794370375
0.6846036199278255,-0.9045931639986514,-0.23931935744572344
-0.9660916460274963,0.19927308178335468,-1.6583009713159398
1.6665571226224407,-1.8223565163738378,0.11180640331091027
-1.0254002367298611,-0.3224526498194255,-0.05696916871646086
-1.2252295804852247,-1.7468408110794216,-0.2323786242724873
1.1932387705724525,0.14260406041338333,0.8326645608776274
-1.3338458192047458,0.6770687228636502,0.21497196882896105
2.2731230351503395,-0.9561229738008006,-1.0624301118485275
1.4720070562735745,0.8490076341647647,0.6008426444580294
0.40443358342725944,1.0565364524580008,-1.521898456556278
-0.8869874232038879,-0.5723750517292129,0.4792593168139648
1.7486383901365887,0.6216103707451568,-0.9182220249209627
0.19268809696900088,-0.13636401262211348,-1.8475283028960097
0.8611676408590841,-0.13252525188851016,-0.30974086165439774
-0.2001610896777375,-0.14654947205006646,-1.1312065498516044
0.3773773431011234,0.3487667970052155,-1.9168591054613744
0.29671852381587877,-1.6055367576529447,-0.6000243944922514
1.9323405180041504,0.24054225855607578,0.8689707153520095
-1.1279069057331117,-1.154471074961739,-1.0518663429105632
-0.8346889434790047,0.3408067303842961,-0.42421891007046314
-0.0667590696974833,2.049872366556818,-0.41981728731188
0.34446035091822924,2.0921277652372927,-0.021334897511850626
-0.7988246752794002,-0.18484443404085424,-0.9209013255114065
-0.03646215548197014,0.5134936257618001,-0.009263694917179294
-0.014111021255730402,0.4145660318855695,0.36265141480203084
0.44962991423804044,-0.0963449971209282,0.6446264421568666
0.06249699962747444,0.23469663531046503,0.5976361616329203
0.42312560693508694,0.22497510939044318,-1.803220136667848
-0.21782989080319487,0.28955906944089743,-1.2040550138448396
0.47328646928741386,0.022930146553883545,0.5438450262148072
1.8684217527472675,0.23949491730491182,0.28802564328768365
1.6200829736188742,0.393076454250057,-0.5301859963508211
0.4730002836212104,-0.24594088519903873,1.5691166984044977
2.1783590727804936,-0.9619131537990756,-1.356308049867873
-1.4177644728020975,0.8954810298966989,-1.049646822847149
-0.9270019030780174,-1.939936226914666,0.6442475577723427
-1.8700619990722536,-1.4041447091313675,1.210743201818557
-2.2710166834231433,0.39434915212255744,-1.4634035293716383
-0.48928762482497945,-0.0752185002105906,1.500986459992871
-1.5800053561349245,2.0809774560271506,-0.005540920294555762
1.2698036808428699,0.8889119488410984,-0.4226604046421161
-2.4170575871383413,1.390979547868662,-0.40398867084640067
0.6937340521172051,0.405311834123309,1.7901861815917166
-0.5795424509246943,-0.5023111648282023,1.894639705234763
-1.5211600018779132,-1.6087751832609691,0.31174512978531427
0.08423701864133339,-0.28894230228570333,-1.0975780160813966
1.4505926802776543,1.1270418928594774,-0.41524664953752244
-1.50391107216316,0.20332258531020128,1.4389271537843342
1.668886036231425,-0.8372916970575757,-0.31608800223337435
0.18579495525036688,-0.1017656433758884,1.0526167464467202
1.1159098037072075,-0.21358898932201983,-0.48945945429164484
-2.0926099165970906,0.7609775414751297,0.44759611692341417
-0.33424216403032675,0.34118423113876084,0.9206338672810517
1.46192055161431,0.6289029760616981,0.5873412841204103
0.11824834680731193,0.682245766885395,-0.8420338561480432
-1.166866149852029,-0.05139091026005136,2.0626212658168264
-1.7005781680955987,-0.46414979686427116,-1.2399946921568967
0.9836435704659056,-0.3620372851764963,-0.9169588526055377
-0.3423359901084738,0.7443465952089637,0.9133971516974819
0.9532594687883061,0.9428303120207372,-0.8673986114419983
1.5682843857027793,1.5760499114351139,-0.09159688317344701
2.9523860962543074,-0.1480541605887733,1.3305577532068558
0.46543203231108843,0.37454886234195645,-0.9847240266386226
-2.0674596050510696,-2.05492099774916,0.020297938683388098
1.1581034237079748,1.7448261661499493,-0.9102956054188011
0.18882990111356185,0.4446202838140644,-0.5832934931485242
1.6285077293812495,0.03184455058273496,0.29198683010389986
0.7706284123239105,0.6658893139723522,0.3863325565965601
-1.658117419801794,-0.6851642757036158,0.31397423069703745
-0.5039062367322891,1.6735570747432695,0.33997297452641256
-0.8494220369039158,0.42890792437738035,0.5315642282854124
-0.7118016139090955,1.8744407237930047,0.14691740729782535
1.7045385813904723,0.198906124612495,1.4357556514587275
1.3687921618778058,-0.5400365760425172,-1.5198101921607647
0.8248736865885561,-1.458712892891511,0.5914930288213066
-1.9729839704271903,-1.7659861959771563,0.3873941065903323
0.6883939289380804,-0.09073725215868249,-1.2352746616818127
-0.7526524122589507,0.257222754312566,-0.31124599791767454
2.291957323385904,-0.18023030727450423,-0.718779922654296
-0.5436837205649915,-0.18945626702677634,-0.9692836673894172
1.5973462889699357,0.1848138535427693,1.4251297633129725
-1.6516215100391238,-1.3820618696785383,-0.5373451860129645
-1.826355065063387,-1.35376752808927,-0.5063125866290042
-0.06422676705826681,-2.1658946015920995,0.08120758522506584
-0.5926717817264505,0.5520453885973338,-0.15291811950206624
1.1283677910826448,0.2936830744895259,-0.22400639895609475
-1.8047086259407263,0.11063991882195179,1.765531783930814
0.6094100870803099,-1.4581251464726195,0.1316271205350385
0.7974668917407367,0.815136219170196,-1.487430258256407
-2.2926672672308293,1.5155395790867539,0.29194879071400365
1.7488878811988513,-1.1920225852357855,-0.6715009087879303
0.931953458260665,-1.3023955586853573,0.6393429162855266
-0.5115813864563054,-0.00614100027483885,-1.069110203965719
1.5963398311624541,-1.3824195842347378,0.5284981079879051
-1.963462431954724,1.1260171224637405,1.273309410756199
-2.362433671442165,0.9054424673090522,-0.37867992075904167
-1.7486560764412757,0.11161838740842782,-1.3742098537098772
2.4672943532532283,-0.09720708268903393,1.5063485398257637
1.4476308857591618,0.6518437982589111,0.008943812984972863
1.8310746825485409,-1.2801859260845088,-0.7755435189465023
-0.6120331840416358,-0.31716605878506726,0.4035155689342498
-1.9942940289216613,-2.0291488164912566,0.23663542745186306
-0.6647678966845599,1.253307301891494,-1.156259538519131
1.6324048659398722,-0.6720451657120542,0.015683992836826983
0.1684799268825656,1.1890496269901019,-0.5779618261078271
1.359482324357224,0.486156643645682,-0.6297613064295927
0.25887261362740677,0.15656457920641262,0.7909885789801497
0.38915108825638,1.4502779962124144,-0.1432121403021572
-2.1751520298029576,1.0721817812606003,-0.7295362106406333
-0.14604067375351046,-0.510093581113553,-1.7662181909014598
-0.39780787101338705,0.42325586227740686,1.48424650518031
1.1265245998946742,0.10403877304671758,0.6041002597337836
0.43163983476879364,0.6157859046875518,1.122901751664277
-0.7050818350717005,0.2524637771990716,-0.8203836939341661
-2.148816819359379,1.6056701245928007,0.6641552008653467
-0.931646997463177,0.011310685693802548,-1.0233593763324165
1.7468704031035576,-0.6758463778354218,0.009251989899330758
-2.1785295586420808,-0.29583691872728685,-0.1593491378376109
1.2674954932216416,0.765658625761482,0.7400071527551696
-1.3420819689252383,-0.3354197960247841,-1.0305686844036381
-1.7120184763558262,-0.2838201281111503,-1.863863929420567
1.6418035870496885,-1.2178869475913316,0.8952460229745683
-1.2811891409912337,-0.8916677381264471,-0.6844119148389507
-2.0768520547936835,-1.8223952228922906,0.14292372341944445
1.5515058545014484,-0.5504960302265884,-0.0426651337325396
2.269760929970335,-2.1019703970735155,-0.4953855976243344
-0.3427187388021553,0.9947866013615738,-0.420015332614817
0.9591967673735649,-1.4718596199508949,-0.8969582269295056
2.0592714481054792,-0.8811538590189335,0.9897754323316489
-0.09923487701348661,0.9376188144815534,0.489253818388379
1.7143973757153808,0.265073157181768,2.0013847407888514
-0.3173046383734875,0.9740175408085209,1.2263231275115016
1.228340298633739,0.5417323947331242,-1.058703573882537
-0.29033432608719606,0.8417047616120041,-0.4687793548344853
-1.8276329280461605,0.6367612692253295,1.4869400364049676
-1.1469980077753221,-0.5595962932437603,2.0674137990244597
-2.550797909957995,0.8325848860819474,-0.8304120249871564
1.560597172128891,0.9079318839425677,-0.7404135324812006
0.7459759077317276,-0.6736335729386929,-1.8241776275648227
0.9214569523409974,1.1344176386804663,-0.5701357904155873
2.659377271753726,-1.8997981516966675,-0.12053885257133666
-2.1917061977301304,-0.8069143652237768,0.1343297345072497
1.1720214599279053,-1.0419249979864065,0.20057514445410976
0.6798130929180171,0.16242974999264,-1.2870493575775368
0.08647969286420204,0.21585926279004836,2.1489076968174112
-2.230163546513731,2.300121271130555,0.448859404474951
-0.05130886956281909,-0.38751692091173034,1.3705417275046163
-1.3458134462831504,0.22791602587646836,0.2762543269193182
2.9831465717202423,1.0480287785567477,0.034817808601119736
-1.1691723286191444,0.7145147742184529,0.7308178277484373
1.3425710420695818,2.208573731260027,0.04482977638306619
-1.640043043403424,-0.9161859530717333,-0.1951467298329256
0.1504636019272741,0.06784071393168982,1.407315907134088
0.33223224460303435,-1.1282674235813261,0.8561814581638071
-2.609148369511454,-0.47791004560217976,-1.4834635976729011
0.7120186154767303,-1.3901556367270609,-0.1164334005093192
-1.2497823776705355,-0.02711889895371836,0.32409234807126813
-1.4200870937547334,-0.12905718725558976,-1.7251528653000479
0.6575158401068962,1.1483869402170805,1.1161638329776644
1.939218809233819,1.3079544614980192,-0.741385575669505
-1.404223266193518,2.027342355018745,0.23027261213413655
2.066657565679072,-1.5933040928535172,-0.3982619054177048
-0.5359886368170859,-0.5458805731845321,0.2828269189373193
-1.5617709933665902,0.751385597010644,1.278823944300722
0.5532479877293826,0.6349308631812803,-2.11710381256478
-0.427270371122533,-0.3956038194830562,-1.9420115825010278
-0.5584879926348595,-0.12030733238708066,-1.5821660479151645
1.399014553167501,0.7342079067484814,-0.6687140860234346
0.7857711412337955,-0.17778822460386315,0.13406490209152477
1.4738820752195438,1.051235892487633,0.8103798881384146
0.6689580293165207,-1.055887090531944,-0.2847051450398952
-1.2284847049079763,-1.4152541278653774,-0.21032087755918286
-1.5922343101879575,1.718845733927006,0.6412915034685852
0.42950662106768306,0.15619933096385533,1.9683378011999055
0.9362488909762028,1.2871546453662837,0.9681867116016726
2.3503007219532224,-1.3391596703625803,0.5317061505965349
1.0809832934772807,1.354637437938962,-1.257557308883055
-2.063607857525049,1.8021717282729675,-0.14071337828715258
-1.933188115745514,0.9138927978837456,1.3632557605708107
0.44461115529715256,0.6523408849035764,1.447830993342785
-0.7844761086980198,1.238322432069818,-0.8577990133572225
-0.598916498422994,-1.6199732613624105,-0.6317602727989274
-1.8948266279645725,-1.552086635391843,0.7810478724364448
0.31671135812652107,-0.826187430022196,1.5291850963340206
1.3191601168238267,-2.001412279052153,-0.33921149933135697
3.003392221531647,-0.5752550639250624,0.34480948846898657
0.9248070411253013,1.0935325848385402,0.476231262968676
-0.11286866325570444,0.253761007013543,0.4261298822704977
1.2375564151853589,0.2970195205047647,-0.9989708032464174
3.1236997322914766,-0.7899965443483903,-0.054574136513544466
-1.2327095897462401,-0.16173653332164933,-0.09407608795753714
0.5560657035298744,1.0557507436297802,-0.05369980346632208
-0.64758297914661,1.7379871164040093,0.7920140505060406
0.3072137259799219,-1.4394822428105658,0.757116989779019
0.7934281700477662,0.24887868169208333,0.0705249118412301
-1.086210918948357,-0.29317853446037506,-0.43438720099799627
0.08324258910744133,-1.617167527577209,-0.08337576796045085
0.8847926830322964,0.08936197117481502,0.8089615701585205
-1.962436177000388,-1.8377337154078393,0.7071579430414456
1.4832258129972327,1.2601418541582416,0.6006446286908966
-0.4181101896511053,0.5001640833792949,0.20034801650352488
1.298258342655264,-1.7119162030905106,-0.1814090976478138
-1.1560706449653886,2.167254130898709,0.04644788895663767
-2.1723128984227373,1.0876249855548057,-0.7150408973905507
2.9615461575361923,0.5860532376548739,1.2473390537873743
-0.9504893435167197,-0.548932088591307,0.6967987864501807
-1.2131035790697806,-0.09694104983800997,-1.118461904159125
1.8089869433124752,-0.11869901228603598,-1.424128523296808
-0.18502336247372184,-0.28646093867664274,-1.0885411798212368
0.7522249236882494,0.9443930382326053,-0.7640005070641983
-1.3417052430410938,-1.125667987211649,1.1506433614091924
-1.0178256553923648,-2.3840062110384475,0.22766263396241965
-1.3990736597368418,-0.23700947208279366,-0.9363313913975186
-1.1174338900461738,-0.7564527092149488,0.31136970523194607
0.1125207379737701,-0.5554817524039406,0.04495034411085558
1.2096927670977595,-0.6870168615881491,0.9032394360870397
-0.38413655120542317,-0.011532638193827532,-0.5927426858477359
0.6428279983907647,-1.027253442142861,-0.06319928618646806
-1.5104187781229939,1.4218412950938326,0.04950723737158317
-1.6652652029456032,-0.7571740490961832,0.05238392591442292
1.6620948047207105,0.7936560301454512,-0.4441804152653208
1.4971136494395698,1.4736162943912294,-1.0587618575424067
1.0295364015086674,0.9343915533010321,-1.1868720143266964
-0.4676473312701303,0.43372504004417445,1.0112354571136335
0.5694267548403911,0.9385841535473042,0.8235455933923291
-1.4081683362809239,-0.2956850586766522,-1.6887625613956803
0.3150922269574972,1.7449201693097653,0.5242320212443607
-0.5451905453852346,0.7655603661687926,1.1322997246221773
-1.9722658195453422,-0.0024014138304804186,-0.585027507532991
2.3439051821577297,0.7327277466831116,0.9164195890108082
1.9925232372014283,-0.5480326549090744,0.04561480184362059
-0.31608911078154045,-0.667215178140836,1.132160914405181
-0.27761122802111743,-0.4788639764539458,1.6965534215001072
-0.8527492632140529,-1.140218682356386,0.020902579030551992
-0.028013849342823815,0.9640433385374435,1.4816507783599098
0.5006211802141304,-0.7567625760534976,1.0085454743680353
0.48618427008116344,-0.09600859594516083,1.6132794187118276
0.740985003935726,-1.3861568525495702,-0.016457683297025454
-1.242355341292901,0.2975746360125691,-0.24216400581595598
1.7742364252449916,-1.114896833892771,-0.5993868539204967
-0.8299058999150637,0.38829193754111563,0.20199671960153506
0.9304323687439622,0.9480044483514531,-0.4365655777798146
-0.8559293560034434,0.16359906201585384,-1.8696935140173359
1.794215038467732,0.4900919706567643,1.7081698645044319
0.8423773283585394,1.2394447663565928,0.8097535669456645
-1.6414073434225032,-0.26111537352098735,-0.6622677014435324
-0.4155222874620621,-1.2912603266250786,-0.7328230253037791
-1.6840286442503176,-1.2290019620773458,-0.10140076661872975
1.2052487957857705,-1.3339115577005163,-1.101426473892345
-0.37027555940288304,2.085803099204052,0.22201117186688862
-1.3396281902472618,-1.3608805966078,1.1225897833526384
-1.8001873746747223,-1.315939046555815,1.1952759214553619
1.2810532868326252,0.01929176299020824,-1.474695986365584
-0.3924297978201754,-1.5652977217173147,0.07430178761682482
-0.17274072070452756,2.0002501297308313,0.23333005396983209
-1.196006395540359,-1.6470946593780467,0.05482342827303004
-0.12058320039810509,-0.09181838570066309,0.3911471228419319
0.17985240334808533,-1.9565118218070257,-0.21199662246582782
2.066462244686621,-1.5938631710670466,-0.3987843664769494
-0.17509978619483574,-0.24323361452393005,2.1100978465774634
0.45659680950403536,-0.37118085892911035,-0.1182360694460943
2.4353336498351186,0.5328927499405529,1.3260532981855158
0.942086331860204,-0.7780061882365039,-1.017490844417573
0.11214507172075423,-1.0296935906605695,0.7607801550115983
-2.303946125138618,1.421436513939438,0.10654746545013162
1.3016360579407302,0.02580242029387856,-0.3840542036661549
3.0396984287455617,0.4295271388539827,1.4073781515964736
-1.9807440737868147,0.35437774165568914,-0.34522954395061733
1.4309349510887055,0.8093201114074222,0.46750662588704583
1.2727863566369122,1.7131500722029092,0.5485299738848757
-0.4726992439514748,-0.023661005377737576,-0.7177476289550248
-0.6287603690037818,0.9280431624175723,0.20261784930527693
-1.1073221960136588,0.5671615746782931,0.49337265241232015
1.5006602189560496,-0.556777974985989,0.8249946010052539
0.9336478128781174,0.3496495350513211,0.5497819608498058
1.0642823414115012,-0.8782084899984343,-1.0369590576143681
0.7633603038611358,-1.2714824934607862,-1.2065595268141738
1.5564750774671354,-1.2244159032274047,0.6004366198565783
0.0865437844156388,-1.8132133029800235,-0.07451790777331824
2.059542109301447,-0.701412588592431,0.2681354951084098
-2.518518375485316,0.07754599439788629,-0.9618153107118361
-0.947134921487391,1.514390532063124,-0.1868267264447001
1.8420521486434915,0.37588830583308946,-0.939615962159721
-1.9394358087164576,-0.5726220110362676,-1.4144454719646689
-0.9448229903525732,0.7957035098897276,-1.4651352410795528
-1.5831649796738154,-1.4530246724916447,0.07249204991535238
-1.5454509526811386,-0.8284216652449646,0.6606752755514891
-0.8081559278241479,-1.5769481520926742,0.692886255441824
2.4033663442028574,0.4323083605336621,0.3408139197212761
-2.2627346588569726,0.31614321572438664,-1.440448311959061
-0.17367517804082608,-0.14925214017886687,-0.5340239114251254
2.92274456963293,-0.32138476723065384,1.2647351990115792
-1.8916983051248388,-0.02483470839893345,1.3491430431821336
0.5728513730512695,-0.7151704302859657,0.542512553575621
0.38942429153136626,0.2564079395317877,1.0946059103568204
-0.8074177343586021,-0.41630373641154256,-0.36360257877680696
1.0490279402243712,0.10276440865793642,0.2952085701017585
-1.5692493021809921,-1.9936079606555592,0.04689400685218899
2.073645308070603,0.22460579182841553,0.1531103892601592
0.464270217784637,0.9598667229491517,0.45853646444468615
-0.7703259662945601,-1.4766320850085008,-0.6861479336331213
-0.9403963249185223,0.09557213614397435,1.5952130619456997
-0.19587112191844613,-1.0378616171190207,0.9734289683419022
0.4273340045611424,2.002160307874798,-0.22402069771382943
2.146332666093963,-1.3511514048219793,0.21585122170640442
0.24687197311527484,1.1429803230498519,0.5774172885014416
-0.3848073204785668,1.2166837549370304,-0.9258353223055016
0.40365270734385283,-1.151108589889165,0.6390126670943931
-0.17060463594620684,0.17469213288017893,0.9345354233493156
1.282420936855887,-0.5152778209798916,1.1791818439273003
0.9291700737503413,0.9591690269493648,0.9497824661599841
-2.1194626683462996,0.3024746702593905,0.403505167191708
-1.437424185627147,-0.21695444872173428,0.5562489098121741
1.0858569338547994,-1.1995101166621696,0.5387072480346798
0.2283943586525198,0.7289889983551759,-1.8076172602362919
-2.240783877565761,2.0986378654341222,0.6467837109645289
0.2234855125832957,1.4260404582783217,0.2257451545033388
1.154171536732005,-0.9617094164239127,0.7613002304898697
0.7685635092552752,-0.7142470538702398,-0.5653402996806295
-0.6721403472798718,1.3800405506580093,0.04847058549538736
-1.674206444659661,-0.8627267394099394,1.9103829053328332
-1.2151761707061077,-0.10078848427850895,1.6295333655353035
-0.6569567204498381,1.6521757693708887,-0.37370235044710126
1.0570438483443767,-1.4649171430538201,-0.4863020446138208
-2.462545812317595,1.2409103533083459,-0.35055264354147675
-2.4010936045055438,-1.0547367593986965,-0.9665275012689291
-0.6980025241067692,0.3676256422994008,2.1365571829117287
1.143449238442211,-1.3530816276979574,-1.0991270070290093
0.6880827532054666,-0.04297034365111055,-2.100221022729524
1.1914258908941615,-1.6545604021378695,-0.10581101188392954
0.9434849343340659,0.6153492876592083,0.5874508916420861
-0.1916681537689146,-1.0552939945393314,-0.2438986007401394
1.9027822387215914,-1.9057156589694875,-0.08846028954186866
-0.7213568004284888,1.4187393457488409,-0.8049688914894774
-0.18905549965106222,-0.4762196266047572,0.630675936781331
1.2489360239778118,0.6724991104086462,1.6218461041298595
0.6250749047956267,0.8874099090469807,0.6958135776153741
-1.317179243520984,0.48359238314295605,-1.6533313847758693
-1.3890071260153558,-1.719598193653166,1.076251344134981
-0.137526282031745,-0.4749279119304673,0.32099571682181477
-0.20706465760772175,1.009077795915835,-0.6226022185768572
-0.4607176994944921,-0.06067179647054655,-1.1218082332722843
-0.23984407102571326,-0.030280543811667896,-0.43900874046689564
1.7991614770040574,0.39243476666070676,0.04630200460483879
0.6233005939955849,-0.14966498769429704,-0.49499660428507475
-0.8379150983187252,0.49823886796042915,-1.554511612467868
-0.24504867121498375,1.2703315601375353,-1.0725598053429555
-0.9733642504678616,0.6796334943149973,-1.5739018500746154
-0.6115417503262922,0.8002674539414926,0.8759119072590313
-1.866739166938185,-0.7959259132442613,1.0089324284130405
-1.267410738944195,1.567488510165888,1.053157427024253
2.3883354037331004,-0.006942123299661741,-0.8485060573602775
-0.4591335155936964,0.3880006408855105,1.646368136660609
0.5336889993451727,-0.058255257942292846,0.38768845529772
-1.3986303789558756,1.0257569917931664,-0.3268568382405544
-1.764232253232354,0.7851965234670308,1.916139801442501
1.5554309757755433,-0.40787457659486254,1.1767696658540272
1.2150135242069064,1.0857105236771765,-0.6233766698241581
-0.955109000111184,-2.193195983601506,0.5029982306184313
-1.4872537778829937,-1.1778347190374525,0.5235129496170589
-0.44023673523019197,1.1209666569707826,-0.2985779459619967
1.490408038461696,0.550528258992494,1.2100252778334093
1.7760718947663685,-0.43608905419437816,-0.2688028170225325
0.8385488873791261,0.16675958083937725,-0.3957492991333121
2.7210971481779103,0.25521601048049797,1.1539681693178971
-2.1740234152463036,0.8959789104017223,0.2861797551934659
-2.5105481973152477,0.9217349470298148,-0.7473273138380202
0.20462206128019023,2.09939393339979,-0.2829335896029715
2.3878845247171614,0.5483805584459586,1.2637604627672607
0.5390271578868799,0.6045990470303478,1.7881510405128485
-0.8845765678043188,-0.45583278951893996,-1.2712874885701149
0.5360386718467905,0.25764313637381003,-1.7752160002394672
-0.07242732819245923,0.9419028221997359,0.5895522461855697
0.07898318244521159,-1.3862148405194727,-0.6596763174771451
3.2216472647985914,0.6688706041137366,0.8343607773231831
-1.4109389273417998,1.6470049157810362,0.1624814659345622
-2.381154097471478,0.18171389651095332,-0.673132133495708
1.5109017688379658,0.35536518039554665,-2.4234483881453777
2.4951717977533914,0.34114422983836173,0.6402432893610425
-0.33715621689757597,0.8104161146787622,-0.8067431777056698
-0.2336733435701487,-0.24805409759332933,-1.8076584274317764
-1.086188305592741,0.8992962995868946,-0.7823646647523518
1.212895978257394,-1.7844003325750177,-0.7134314672170758
0.4997318829184881,-0.8702998192792696,-0.8808477541796365
1.1311832269930313,1.1626501246527423,0.24551648680082058
-0.8676918153336546,1.1997403146027612,-0.09788041370976353
0.037769953704102154,1.0231903126869224,0.25693994248027807
-0.39292221605823746,0.17290477515806735,0.27875083373424137
-0.9314489895083009,0.8068643252895831,-0.3699281818399976
1.9257445322727547,0.7284037324074816,0.8258162712034993
-1.4166642536109253,-1.320020386245135,0.5814978427944005
0.6283930839115468,-1.0092124471012396,0.7484152755365718
0.3586354656145191,-0.5744618097064339,1.1651778164899185
-0.9012968732510801,-1.0702035218907568,-1.171870465122175
1.967921311495271,-1.3438509137495012,0.05216868245984669
0.9527407553392194,-0.11497377189003147,-1.865099082749091
-1.8428708789673511,0.6113056941285057,0.28137213808100614
-1.0716372903586402,-0.7801903359418927,-0.2937052754185193
-0.393337332711108,0.3440561056425674,-1.8456039223900522
2.27252266273252,-1.4746632980617167,-0.5822539851889812
0.9082093048220315,-0.6103906499037404,0.5172317637080981
-1.2892091289960266,0.720357426168128,-0.22993092394593045
-0.8639945416115028,-1.4297635121700216,0.6392495070843063
0.7972045116296343,-0.19922723625832314,1.8958872482359657
1.8516671149135753,-0.7322593117164747,0.728833267764551
-1.115078202718296,-1.2242566819430012,-0.5176162095431663
-0.6168734723151927,-0.25513011467318497,-0.2163235357601868
-1.8348573073897725,1.4348566533352687,-0.1051534237221512
-1.3327977244725946,0.05988646541661961,0.3112952863804085
0.15876465503348694,1.4007853225854674,0.12545340392588578
-1.8588941809463626,-0.8016353135592525,1.1002767377625526
1.9621761997667229,-1.0885771231068748,0.002310570967878548
-0.8033668735190889,-0.061265534094244754,1.3469525115956262
1.5154849806035713,1.8699917582963352,-0.29766228511987297
3.209557291673823,-0.36726963412384084,0.14815470154868163
-1.0237997077435912,0.8596990011091661,0.8641391922920716
-2.003812375128742,-1.2383540936467217,0.30427281893141467
-2.5559582059209847,0.034430398913654396,-1.1953994752495418
-2.2946738646684297,-0.9039222237183184,-0.6330779652287849
1.4127647122963296,0.9210281363685784,-0.5116921262407309
1.4566834749136672,-1.0876260051596027,0.24731528819763643
-1.6074467065048668,-0.13850013538892378,2.5918080478735632
-0.6026055859018301,-0.8504284995103399,-0.19661275427974317
-0.8179133823123121,0.8928706864049915,-0.9889461378213894
0.9083102546004167,0.5794889635159695,0.8829631135111496
0.6524754470067914,1.3037273675400842,0.5062529629727417
-2.0183692012699743,-0.2671156850473386,0.44530425301012816
0.7025876080949178,0.9978199294929839,-0.2869890516718301
-0.2034021730354298,-0.4786798928314762,1.9856549237383028
0.6306520995888513,0.6654122391577254,-1.1210342299985687
-1.4190854467672807,0.2452631903673513,1.4763756475194652
-1.5431801588024794,-0.8823299596091819,0.22207496462859258
0.2766886439602618,0.32601791119654,-2.2265850289444735
-0.19859232289118525,1.0408586957066135,-0.5928374020666947
-1.3083282032842736,1.583110852497601,0.09966513440228178
2.2622836590825215,1.472443948504339,0.5499753520576912
0.3277584134572408,-0.8196627282092811,-0.5380368385781095
-1.0221698811571553,0.37550161962572853,-1.2779962432204302
0.17087633338788263,0.9438312446725953,0.17877870870277765
-1.9226326391843924,-0.24323922442930276,1.3377637246673169
-1.0926069051779796,1.5446020897956614,-0.34856250592367244
-1.7105531323601464,0.15547881348215128,0.3327711155635636
0.9268118630555912,-0.4943219703284948,-0.05222706209185383
-0.7585285143348515,-1.000375196135599,1.4293205483123144
1.4628031359623015,-0.1362542506907657,-2.498246264996781
2.7195466768792986,0.36398297336008206,1.3346758375983936
-0.35094783530102663,0.4886368680271014,0.26588619294146004
-1.9846617409148377,0.039379032045412696,1.1212475319306576
0.175365480723147,-0.24505732472208433,0.2204094671088035
-2.0157809053136884,0.7016222940258388,0.7773998615001922
-1.79260355044089,-0.3703743164398689,1.602314925321673
0.22364161713347286,-0.6238556659536567,-1.2230839425510518
0.4998013743678327,0.09185509176718239,0.8208876918328828
-2.0442835721113406,-0.19732011908229932,-1.2517047886764765
-0.8397281824396571,1.1218544770209362,0.4095096335233609
-0.3188579260524918,1.0037373430269056,-1.3033303758354058
-1.6720254913690322,0.1073510373837595,1.95297889747916
1.548853255120508,-0.009251808355197075,-0.7921196379771049
1.3060099403770578,0.9614924554928285,-1.9435822804863514
-0.35754106680623354,-0.42705282953947993,-0.5006974389673922
-1.3192620630381886,0.8346469664487609,-0.024461947035679048
-2.0802091067378874,0.5430531688149437,0.6294408895778656
1.0788410533767088,-0.5005885220419174,1.1011751848156743
-1.8738429743296352,1.7986437679506522,0.3358620649941001
2.7407829604139775,1.7097762951231565,-0.013470419542912764
1.4295243725835605,2.2562715303850718,-0.14388066492708665
-0.26705165859533286,-0.9148228517120851,0.703550593957401
-2.03453781258302,-1.5592219933932763,0.09932108419089254
1.2672469614109183,-1.3146874541447398,0.11594463470461998
3.0277467183093374,0.33311278339730666,1.4917433977895862
-2.240527945262873,1.8101159068524912,0.4715699422786073
-0.04229936845974393,0.2016679559821527,1.8479518212304922
1.1362072459541324,0.4965177862285128,1.5555897688675813
0.212695467734996,0.019654429255784946,-0.2093160024379865
-2.3554695617814394,0.9731011637827984,-0.21811343142265854
1.1357742971549172,-2.2560132635161594,-0.1682470853060764
-2.1834427508505985,0.33683517218663117,-0.04711747308524076
-2.5129095465637454,-0.6546063317096993,-1.26481781207882
1.7427114707685578,1.4010194647323866,-1.0552617527121888
-2.52788933527775,-0.588881265196849,-1.2024538484187843
0.7729664983039215,-0.5456912938600551,-0.5814745459037788
-0.7859979416538679,1.984088487533584,-0.13551626377514106
0.5250660424443768,-1.4599377907993452,-0.7591488476287971
1.136127159380692,-0.13574001965578691,0.26193569372322867
-1.8444333666881247,-1.590951646753572,1.2277597916023943
-0.02906775099881572,0.6961999782503159,-0.5344351967099753
2.5207848183348887,-1.4719366707739918,0.18953936470052532
1.100580302551611,-2.0652665845918303,0.012539105540087756
-1.08927117173594,1.1203123913098616,-0.3611346111014861
1.5523305486344612,1.016147207948311,0.8534143698912406
-0.3191727873065675,0.11376681463006955,1.7719298486959987
2.266239758087871,0.3514647154520377,-1.2828185885921533
-1.0862357356889445,-1.7758297084914245,0.8029917732414011
-1.3677959425535984,-0.5905541828417704,-0.6890232747811248
-1.8453681385337244,-1.062616996215312,1.0476332178414354
-0.7495090887407162,0.872550877495481,0.9475203336556987
-1.670702961774689,-0.7086976356779496,1.958650463698868
-1.7590646389707258,0.49131612658019796,0.06919010562259667
0.5832134513754835,-0.7350872433638256,1.3177088832827868
-0.9453937897319749,1.2633171362904916,-0.7332977275033685
-0.9949599947068976,0.30530606416244016,-0.6475659482410914
-0.45527679228045986,1.5297375078098392,0.37811932204763316
-1.7542067268340262,-0.665273999312964,1.7109106131060108
0.05790044713590623,-1.3012857594816485,-0.17250596688527522
-1.4397758492383697,-2.0288802165237088,0.5919523633410386
-1.060613303042585,-0.9715336735403827,0.2040182183680546
0.5035064983510693,0.3923010619958656,-1.550474047539493
0.6339601689726613,-0.5485171375928726,-1.3749222424376837
0.29665034205836494,0.4713648246153259,-0.7545986514862272
1.2625754593017586,1.1914045190169118,-1.0283356841998463
1.2128261975849544,1.2659611770357584,-0.6471600796313693
-0.09951074465391002,-0.4751406190826554,-0.7463196033272165
1.0451184719039042,1.8779472250793354,-0.8788513325434021
-1.1253274106811268,0.9777101132983133,-0.10704145510987875
0.18814747745421745,1.4269236385863846,0.8466910885581505
0.717432674139313,-0.04421359744042827,0.7652171048773697
-0.9922090422253463,-0.7529146974474945,0.5054413819713013
2.3156196250769,0.22342857339311384,1.309075948977331
1.7138117198042244,1.587436303821214,-0.37524997733322585
2.182732304259025,1.775655682625753,0.25639407798813135
-0.37014827073100437,-0.48276291279917705,-1.7348666025401942
-0.7004658507596432,1.9422729104826886,0.5983122441965654
1.954367327987975,1.9183678711049277,-0.47564171943952527
2.9706856526896406,-0.7432647257667294,0.6717797515789115
-1.0020012162405814,1.3463991377694766,-0.45967860055562854
0.6823168313404905,0.7764958245034289,1.4620969061544482
-2.2928601971939453,-0.4413460221217644,-0.5845223637996025
0.8690726669768112,-0.974379302628374,0.7752840174165918
-0.1849299980789133,0.5776190693572889,-0.2547057118845246
0.6988039463940532,-0.5441368958785661,0.9914712090163769
0.8629725182532582,-2.1690271968241337,-0.1763424121086565
-1.5759550670492097,0.29848002922786804,2.4216346078472677
0.7224867393434024,-1.5928991816065663,-0.6956179381819022
0.6697070653703403,-0.18106656853614478,-2.0173228519152477
1.9741494127284873,0.17708276157731348,-0.9554078233864719
-0.5748546225681848,0.9924518772127714,-0.8041421853218781
0.21095169447434015,1.0749504534277787,-1.3651069726998135
-1.495934535245888,-0.710597122377692,-1.380607028726853
-1.0591335832772915,0.3526465607172543,-1.995948648465567
-0.743764104811056,1.8219131488119427,-0.21144837230309307
2.6068605723835256,1.1635649212817316,0.056224336772979853
-0.8271769003250278,-1.145194212524183,-0.08135076186240119
-2.398547146640896,-0.43013572804676337,-0.7651694443591608
2.0940114923615605,-0.01893822487655665,1.0267513527897858
-0.4591285491430293,0.8008769487681789,1.06654526055461
2.0660093440147604,1.3248786389267801,-0.844344138534849
3.2856947075562406,0.7637111805615946,1.0191453778789157
-0.07184138767457282,1.4679629266650056,0.6010914732892818
0.5049950564138337,-0.06048571592829744,2.2467070035321766
-1.0546103802031956,-0.509652883998535,1.9183734600473228
1.0036861422548906,-1.5310620624540148,-0.353513519460039
1.4955548554023241,0.3819077845951094,-0.45954235284817413
-2.641544359555975,-0.3863691128980544,-1.4932416326818716
-2.044916428581326,0.9956565971548904,1.0554555404779293
0.10198042189609506,0.4990846839697929,1.2337210804739034
1.5745031608355398,1.6909398130429905,0.5200777998025248
2.0693796563863462,-1.3482428580240844,-1.2333588303929774
-1.4196883383970222,-0.6373681455764054,1.225445842713545
0.24932567272222472,0.5952754374353484,-0.9273235161669803
1.008630305783176,1.4296775040650522,0.3846546079840618
-1.5724537570922186,-1.1979464268607978,-0.17180871918045706
0.23333176518343252,-1.1449706594369116,0.7271186290129114
0.08078900827363665,0.49332165359219055,0.143799591004275
1.4974391020535252,-0.30896313165114286,-1.964690502125054
2.459378290446027,-0.40889994058656537,-0.1632274000632631
-1.847398290200416,-0.7350152590011647,1.4535998396214702
-0.15891069022637141,-0.24768649815741428,0.24508660963844467
-0.5581905874522377,-0.9825388128608287,-0.03154942675032854
-0.041446753231858084,-0.8973482295258586,-1.1836740953933458
-2.051350237738837,-0.2367867407406907,0.7655039638805256
-0.20888463756801906,-1.2054207988117447,0.9126364475080694
1.2190042097616334,-1.7726285358072948,0.09175912840469751
-1.082421772177613,-1.4256652782058823,0.06700028836995178
0.9714097254651709,1.6344803116667654,-0.893961936056871
1.3813215411378346,-0.7039869543144028,0.7860405254166936
-0.2638680841145039,-0.5626118104793066,0.9387499178370483
-2.2436248570720436,1.819948622016822,0.28707215298460326
2.0425517883518225,-1.9118479632235241,-0.38849370063488653
0.6825983634993307,-0.4145972959729276,-1.9471345598323797
1.2808249828977345,1.3645459469488297,0.6072270093726186
1.9026872307322305,-0.9334130985769273,-0.21871464697577575
-0.7042465015517385,0.6210603401761614,-0.085048870041675
1.3173114518906066,-1.4076653532539327,0.7243183956925765
0.2949287268896032,0.6436855376259392,-2.218190218576396
0.7037396348257586,-0.8164591445320696,-1.4543733024882934
-1.737540274809935,-0.036139529210006384,-1.0292281372424583
-1.8112609669196773,-0.3233524813421638,1.35635615962595
-1.8956965970468347,0.9861383505373453,1.4304648539237614
0.05895393964432341,0.7249495233695764,-0.2187344685581191
-0.071010827013459,0.01937594585089538,-1.966007180420103
-0.9755310198061623,-0.06502295202901391,-0.9973408647520229
-1.3387663147840485,0.2792561419313407,1.6033645238426002
-0.3321324103398681,0.4085094220671016,0.09291813686270044
1.112811140635894,-0.6898000881019242,-0.3381508768650749
-1.2195259029892251,-0.11085221907436889,0.43821215571989836
-1.6629123550674247,0.8910727021608401,0.5407708932821946
-1.038477246376749,0.17920393839543775,0.41651501836843674
1.7046723746319583,-0.5660680801640324,-0.8742448247098473
0.004950262140708054,-1.4629679044003876,-0.924077045535702
2.2048596165861545,1.3542793411777005,-0.8200667710270343
1.622126319828716,0.9673758298909351,-1.3643479812146475
2.6268543482494677,-2.0954705287506648,-0.595060260764374
2.6629731068209184,1.3985707890447059,-0.2081376760707965
-0.08508410020708478,-1.1496192682558621,-0.7043705602894512
1.023106049460591,0.008202448555544655,-1.6537456253060807
1.434494982861213,0.40141524922763877,1.652320347414457
0.5048765020249849,-0.592954884538296,-1.801323250366999
-0.43675309367584203,0.9925078484790658,0.7621113148017207
-0.2450206888054619,-0.43939611112437194,-0.8059113207947423
1.327634734694826,0.6091486624725947,-1.0164300537017215
1.4223217894640996,-0.35862735210952407,-0.574641729565528
2.0390835963898906,1.2133423506128689,0.7176849884186854
1.4718613252684425,1.732360576708444,0.17400033410260224
1.7405973570867332,-0.9338563910438088,-1.512807051638358
-1.0466105203472,-0.09223066734596343,0.35455103615310496
2.45119673300008,0.8064856027877001,-0.3736235261828886
0.725301521364373,0.029104330307584962,-1.1231588057046067
1.9519524002050972,-0.5625796817862682,-0.4705628611553011
-0.471982189144428,0.3106274030108655,-0.18977442594736907
-1.4821712693269757,0.6468565753184442,-0.39138197237514927
2.0850633613687646,1.9385224247035377,-0.07218454778127192
-1.019708112324081,-0.033428782475805684,-1.2760598328234996
-1.9456657774256085,-1.2008870373629932,0.6289388276339436
-0.5092477236135594,0.7865742799944045,0.16313762608484814
1.6215937046689126,1.2720629088211346,0.4926792299448171
1.3879177722015108,1.6665602286347623,-0.9898309067613142
0.5999339977818648,-1.0056607386127858,-0.5263888291578025
0.554912767542207,0.9014495441097203,1.0015740103240347
-1.2062029058673838,-2.362392342152827,0.2527335734314568
0.1089825992175978,0.29764771866395834,0.24931357969433837
1.8526646438144354,-1.129901765800352,-0.7312579706378655
1.8469680568983247,-0.37128818535928115,0.2940197337475733
-2.2779555944845367,-1.0704087699959492,-0.3059002923732607
2.7686782561893533,-0.23146137157081423,0.7718350308401918
0.8159211843078549,-1.3747125320876235,0.5928633504149672
-1.3168552393746447,0.785922082326179,-0.8647182018081571
1.0722371596955682,-0.5235764408108671,1.079657378543063
-0.596393549810732,1.4786125369509042,0.33340814404980534
-0.028635945647144577,0.15912636706384858,0.31593270694351283
-0.4768019916806316,1.4820799670567972,0.8371703857235325
0.5819963047289846,-0.7093271424443679,0.33510390914662713
0.04236737482733824,-1.6603498466277034,0.051916880126412365
-0.9022309944772837,-0.7275272361075665,-0.751712893138444
0.7327100869290849,0.6803605743639779,-0.12138483325981098
-1.136992861342273,0.003964256289410464,-1.2190305381853015
0.4741804343414415,1.5392756748571061,-0.3710018509237156
-0.319149577213228,-0.8168269695208984,0.5065018470221053
-0.0020972850955319365,-1.2848171852192742,0.3291415946568273
0.833317058754693,0.5549897604391836,-1.502153987545031
-1.2030550634878445,0.9394885644428942,0.4592317875080246
1.4282227883331697,-0.46335301702825094,0.739908510825813
1.5316010819908585,-0.17659967966607887,-1.4718415154947655
2.0501705802473977,-0.6530554700079616,-0.18948733854603558
0.8709066699236115,0.18012765757823537,-0.3058644781835203
1.7165042273121935,0.6181169624078988,-1.0176422935190028
0.36633181603640363,-0.8504997888923654,-1.34347727289622
-1.9920332840286752,-2.2592662757497024,0.6010809036347914
-1.9707852536762127,-0.10803849177006031,0.6910858213249153
-0.0023657274489869685,-0.08282582237868624,1.0751601567751394
-1.916833535889828,-2.3247706712485425,0.6343518997191545
-1.6005328096047764,0.9103099541715852,1.1389108412034308
2.714300976483328,0.7029119323512872,1.2667837940472073
-1.393541212926517,-0.9616756430361325,-0.3599508003875129
0.16437551970945266,0.626993571213315,-1.3206796295402379
-1.8679282124811303,-1.2258607432647342,0.7972994484663257
-1.1218914976612044,-0.8213840635208539,0.4440867244586424
-0.8663059700303816,-0.3222117810685325,0.01738226051970695
0.5443768445182641,1.6545984328443482,-0.2451323980771312
0.2881738942534807,1.4575540462388366,0.4477087231824762
-0.7904019382934584,-0.3030657932121248,-1.6330068244142673
1.5266507554041182,1.2349217893535782,0.9823187915032136
1.0480326867613539,0.23109057920661957,-0.4748942447338845
-0.5650012346421843,-0.43765633820697764,0.5794737478824253
1.0087506859225936,-0.4027602107728721,0.2259445059453346
-0.4662294899758885,-0.6595899944079198,-0.9111707625075459
